id,zip,h5,h6r,h7,h8,h9,party,term,bluepoints,greenpoints,wonelection
103101,103,2,2,19,7,96,民主進步黨,9,0,4,NA
103103,103,2,2,4,2,96,民主進步黨,9,1,3,NA
103111,103,96,96,96,1,96,民主進步黨,9,1,0,NA
103113,103,96,92,96,12,2,沒有投票權(跳答h8),9,0,1,NA
103116,103,96,92,96,12,12,沒有投票權(跳答h8),9,0,0,NA
103117,103,96,96,96,1,96,NA,9,1,0,NA
103119,103,96,92,96,12,2,沒有投票權(跳答h8),9,0,1,NA
103123,103,2,19,19,12,7,民主進步黨,9,0,4,*
103124,103,98,97,97,11,12,民主進步黨,9,0,0,NA
103126,103,3,1,19,9,1,新黨,9,4,1,NA
103129,103,1,1,1,1,96,新黨,9,4,0,NA
103131,103,2,2,4,12,2,民主進步黨,9,1,3,NA
103135,103,3,4,1,4,96,新黨,9,3,0,NA
103138,103,98,98,98,98,98,民主進步黨,9,0,0,NA
103139,103,2,2,2,10,2,民主進步黨,9,0,5,NA
103203,103,96,96,96,12,2,民主進步黨,9,0,1,NA
103207,103,2,24,2,2,96,信心希望聯盟,9,0,3,NA
103214,103,98,98,98,12,12,民主進步黨,9,0,0,NA
103215,103,2,2,2,12,2,民主進步黨,9,0,4,NA
103225,103,1,3,3,3,96,新黨,9,4,0,NA
103227,103,2,2,2,2,96,民主進步黨,9,0,4,NA
103228,103,1,1,1,12,3,新黨,9,4,0,NA
103229,103,3,4,4,4,96,新黨,9,3,0,NA
103232,103,96,96,96,1,96,民主進步黨,9,1,0,NA
103233,103,1,1,1,1,96,新黨,9,4,0,NA
103234,103,96,96,96,12,12,民主進步黨,9,0,0,NA
106101,106,2,2,2,2,96,綠黨社會民主黨聯盟,9,0,4,NA
106103,106,1,1,1,12,12,中國國民黨,9,3,0,NA
106113,106,3,1,1,1,96,中國國民黨,9,4,0,NA
106114,106,1,1,3,12,9,中國國民黨,9,4,0,NA
106120,106,2,1,97,1,96,中國國民黨,9,2,1,NA
106121,106,96,96,96,12,12,中國國民黨,9,0,0,NA
106124,106,2,2,2,2,96,綠黨社會民主黨聯盟,9,0,4,NA
106127,106,2,9,9,12,8,綠黨社會民主黨聯盟,9,0,3,NA
106134,106,96,96,96,12,12,中國國民黨,9,0,0,NA
106136,106,2,2,2,2,96,綠黨社會民主黨聯盟,9,0,4,NA
106138,106,2,2,2,7,96,綠黨社會民主黨聯盟,9,0,4,NA
106202,106,1,1,1,12,12,中國國民黨,9,3,0,NA
106204,106,96,96,96,12,12,中國國民黨,9,0,0,NA
106205,106,96,96,96,9,9,綠黨社會民主黨聯盟,9,2,0,NA
106206,106,2,2,91,12,2,綠黨社會民主黨聯盟,9,0,3,NA
106212,106,2,9,9,12,10,綠黨社會民主黨聯盟,9,0,4,NA
106217,106,1,1,1,12,12,中國國民黨,9,3,0,NA
106223,106,2,97,97,12,12,NA,9,0,1,NA
106224,106,96,96,96,12,9,中國國民黨,9,1,0,NA
106229,106,96,96,96,12,12,無黨籍及未經政黨推薦,9,0,0,NA
106236,106,2,2,2,12,10,綠黨社會民主黨聯盟,9,0,4,NA
106238,106,1,1,1,1,96,中國國民黨,9,4,0,NA
106240,106,4,91,1,12,1,投廢票,9,2,0,NA
110103,110,2,33,26,6,96,中國國民黨,9,0,1,NA
110109,110,3,2,1,1,96,中國國民黨,9,3,1,*
110117,110,1,1,1,12,1,中國國民黨,9,4,0,NA
110123,110,1,1,3,1,96,中國國民黨,9,4,0,NA
110133,110,98,19,19,7,96,綠黨社會民主黨聯盟,9,0,3,NA
110136,110,98,98,98,98,98,中國國民黨,9,0,0,NA
110139,110,2,1,97,12,12,中國國民黨,9,1,1,NA
110140,110,2,19,19,7,96,綠黨社會民主黨聯盟,9,0,4,NA
110204,110,2,2,2,2,96,綠黨社會民主黨聯盟,9,0,4,NA
110205,110,98,98,98,12,12,中國國民黨,9,0,0,NA
110206,110,2,2,2,10,10,綠黨社會民主黨聯盟,9,0,5,NA
110208,110,98,98,98,98,12,中國國民黨,9,0,0,NA
110212,110,2,2,9,6,96,綠黨社會民主黨聯盟,9,0,3,NA
110214,110,2,2,19,12,2,綠黨社會民主黨聯盟,9,0,4,NA
110216,110,96,92,96,2,96,沒有投票權(跳答h8),9,0,1,NA
110217,110,98,98,98,98,98,中國國民黨,9,0,0,NA
110219,110,96,96,96,12,1,中國國民黨,9,1,0,NA
110221,110,96,96,96,12,2,綠黨社會民主黨聯盟,9,0,1,NA
110223,110,2,1,19,12,12,中國國民黨,9,1,2,NA
110224,110,3,97,19,12,12,中國國民黨,9,1,1,NA
110225,110,96,96,96,12,1,中國國民黨,9,1,0,NA
110226,110,1,1,97,12,12,中國國民黨,9,2,0,NA
110227,110,96,96,96,12,5,中國國民黨,9,0,1,NA
110229,110,97,97,97,12,12,NA,9,0,0,NA
110232,110,2,7,2,12,2,綠黨社會民主黨聯盟,9,0,3,NA
111101,111,98,1,2,12,6,中國國民黨,9,1,1,NA
111103,111,96,96,96,9,1,中國國民黨,9,2,0,NA
111108,111,2,2,19,10,7,民主進步黨,9,0,5,NA
111111,111,4,1,18,12,9,中國國民黨,9,2,0,NA
111113,111,2,2,2,2,96,民主進步黨,9,0,4,NA
111114,111,1,1,1,12,1,中國國民黨,9,4,0,NA
111118,111,3,24,24,12,7,信心希望聯盟,9,1,1,NA
111120,111,96,96,96,7,96,民主進步黨,9,0,1,NA
111123,111,2,2,2,12,12,民主進步黨,9,0,3,NA
111124,111,2,2,2,12,12,民主進步黨,9,0,3,NA
111127,111,2,2,2,2,96,民主進步黨,9,0,4,NA
111131,111,2,4,19,12,12,民主進步黨,9,0,2,NA
111137,111,1,1,1,12,9,中國國民黨,9,4,0,NA
111140,111,98,98,98,12,12,中國國民黨,9,0,0,NA
111141,111,2,2,2,2,96,民主進步黨,9,0,4,NA
111143,111,96,96,96,12,12,中國國民黨,9,0,0,NA
111202,111,2,19,9,12,10,民主進步黨,9,0,4,*
111203,111,1,1,1,1,96,中國國民黨,9,4,0,NA
111204,111,1,1,1,12,12,中國國民黨,9,3,0,NA
111213,111,2,2,2,12,12,民主進步黨,9,0,3,NA
111215,111,2,2,22,6,96,民主進步黨,9,0,2,NA
111221,111,1,97,97,12,1,中國國民黨,9,2,0,NA
111225,111,2,9,19,12,7,民主進步黨,9,0,4,*
111230,111,2,2,6,2,96,民主進步黨,9,0,4,NA
111231,111,1,1,1,1,96,中國國民黨,9,4,0,NA
111232,111,3,2,9,12,8,民主進步黨,9,1,2,NA
111234,111,1,1,1,12,1,中國國民黨,9,4,0,NA
111241,111,98,98,98,98,98,中國國民黨,9,0,0,NA
112101,112,3,19,19,12,12,民主進步黨,9,1,2,NA
112103,112,96,96,96,2,96,中國國民黨,9,0,1,NA
112109,112,2,2,19,12,7,民主進步黨,9,0,4,NA
112110,112,2,2,2,2,96,民主進步黨,9,0,4,NA
112111,112,1,1,1,1,96,中國國民黨,9,4,0,NA
112114,112,98,98,98,12,12,民主進步黨,9,0,0,NA
112118,112,96,96,96,12,12,中國國民黨,9,0,0,NA
112123,112,2,2,2,2,96,民主進步黨,9,0,4,NA
112124,112,2,2,2,2,96,民主進步黨,9,0,4,NA
112127,112,1,2,2,12,12,民主進步黨,9,1,2,NA
112129,112,1,1,1,1,96,中國國民黨,9,4,0,NA
112130,112,2,2,2,2,96,民主進步黨,9,0,4,NA
112132,112,96,96,96,12,12,中國國民黨,9,0,0,NA
112133,112,98,1,1,9,9,中國國民黨,9,4,0,NA
112134,112,1,1,1,1,96,中國國民黨,9,4,0,NA
112135,112,3,1,1,1,96,中國國民黨,9,4,0,NA
112137,112,1,1,1,1,96,中國國民黨,9,4,0,NA
112201,112,2,2,2,2,96,民主進步黨,9,0,4,NA
112203,112,2,2,2,2,96,民主進步黨,9,0,4,NA
112205,112,2,2,19,12,12,民主進步黨,9,0,3,NA
112210,112,96,96,96,9,4,中國國民黨,9,2,0,NA
112215,112,2,2,2,2,96,民主進步黨,9,0,4,NA
112216,112,1,1,1,12,1,中國國民黨,9,4,0,NA
112218,112,2,2,2,2,96,民主進步黨,9,0,4,NA
112221,112,1,1,1,1,96,中國國民黨,9,4,0,NA
112222,112,96,96,96,12,12,中國國民黨,9,0,0,NA
112224,112,1,1,3,3,96,中國國民黨,9,4,0,NA
112228,112,2,2,2,12,12,民主進步黨,9,0,3,NA
112234,112,2,2,2,2,96,民主進步黨,9,0,4,NA
112235,112,2,6,6,10,10,民主進步黨,9,0,5,*
112237,112,2,2,2,2,96,民主進步黨,9,0,4,NA
112241,112,2,2,97,12,12,民主進步黨,9,0,2,NA
114107,114,2,2,4,2,96,綠黨社會民主黨聯盟,9,1,3,NA
114108,114,3,1,1,12,1,中國國民黨,9,4,0,NA
114112,114,2,2,4,12,12,NA,9,1,2,NA
114113,114,1,1,1,9,1,中國國民黨,9,5,0,NA
114114,114,96,96,96,2,96,中國國民黨,9,0,1,NA
114120,114,2,2,19,2,96,綠黨社會民主黨聯盟,9,0,4,NA
114122,114,2,1,1,1,96,中國國民黨,9,3,1,NA
114123,114,1,1,3,3,96,中國國民黨,9,4,0,NA
114124,114,96,96,96,12,2,中國國民黨,9,0,1,NA
114127,114,1,1,1,9,1,中國國民黨,9,5,0,NA
114132,114,2,1,2,12,12,中國國民黨,9,1,2,NA
114133,114,2,1,19,2,96,中國國民黨,9,1,3,NA
114201,114,1,1,1,1,96,中國國民黨,9,4,0,NA
114202,114,2,19,2,1,96,時代力量,9,1,3,NA
114205,114,3,1,1,1,96,中國國民黨,9,4,0,NA
114207,114,2,92,96,7,96,沒有投票權(跳答h8),9,0,2,NA
114208,114,3,98,98,98,98,中國國民黨,9,1,0,NA
114210,114,1,1,1,1,96,中國國民黨,9,4,0,NA
114216,114,2,2,2,12,2,綠黨社會民主黨聯盟,9,0,4,NA
114219,114,1,1,1,9,1,中國國民黨,9,5,0,NA
114222,114,3,4,4,4,96,親民黨,9,3,0,NA
114226,114,2,2,2,2,96,綠黨社會民主黨聯盟,9,0,4,NA
114229,114,2,4,1,1,96,親民黨,9,2,1,NA
114235,114,1,1,3,1,96,中國國民黨,9,4,0,NA
114237,114,2,19,2,12,10,時代力量,9,0,4,NA
114238,114,1,19,1,12,1,時代力量,9,3,1,NA
116103,116,98,98,98,1,96,中國國民黨,9,1,0,NA
116104,116,96,96,96,12,12,中國國民黨,9,0,0,NA
116106,116,98,1,1,1,96,中國國民黨,9,3,0,NA
116108,116,2,97,19,12,12,中國國民黨,9,0,2,NA
116110,116,96,96,96,12,7,中國國民黨,9,0,1,NA
116111,116,2,2,2,2,96,綠黨社會民主黨聯盟,9,0,4,NA
116113,116,97,97,97,12,12,中國國民黨,9,0,0,NA
116114,116,96,96,96,12,12,中國國民黨,9,0,0,NA
116118,116,1,1,3,1,96,中國國民黨,9,4,0,NA
116119,116,2,1,1,1,96,中國國民黨,9,3,1,NA
116120,116,98,97,97,12,12,中國國民黨,9,0,0,NA
116129,116,2,2,2,2,96,綠黨社會民主黨聯盟,9,0,4,NA
116133,116,96,96,96,97,97,中國國民黨,9,0,0,NA
116135,116,96,96,96,9,9,中國國民黨,9,2,0,NA
116137,116,96,96,96,12,12,中國國民黨,9,0,0,NA
116202,116,96,96,96,12,12,中國國民黨,9,0,0,NA
116209,116,1,1,9,12,9,中國國民黨,9,3,1,NA
116212,116,96,96,96,12,12,綠黨社會民主黨聯盟,9,0,0,NA
116213,116,2,19,19,12,7,綠黨社會民主黨聯盟,9,0,4,NA
116217,116,2,2,2,12,12,綠黨社會民主黨聯盟,9,0,3,NA
116219,116,96,92,96,12,12,沒有投票權(跳答h8),9,0,0,NA
116220,116,98,97,97,12,12,中國國民黨,9,0,0,NA
116223,116,2,2,2,12,12,綠黨社會民主黨聯盟,9,0,3,NA
116225,116,96,92,96,12,2,沒有投票權(跳答h8),9,0,1,NA
116230,116,97,97,97,12,97,中國國民黨,9,0,0,NA
116231,116,96,96,96,12,12,綠黨社會民主黨聯盟,9,0,0,NA
116235,116,3,9,19,12,12,綠黨社會民主黨聯盟,9,1,2,NA
116237,116,2,97,2,12,12,綠黨社會民主黨聯盟,9,0,2,NA
204101,204,1,1,97,1,96,中國國民黨,9,3,0,NA
204103,204,2,2,19,2,96,民主進步黨,9,0,4,NA
204105,204,2,2,2,11,2,民主進步黨,9,0,4,NA
204106,204,2,90,97,98,1,民主進步黨,9,1,1,NA
204107,204,3,19,19,1,96,中國國民黨,9,2,2,NA
204109,204,3,1,4,4,96,中國國民黨,9,4,0,NA
204110,204,2,91,1,9,1,投廢票,9,3,1,NA
204111,204,2,2,6,2,96,民主進步黨,9,0,4,NA
204112,204,3,1,1,4,96,中國國民黨,9,4,0,NA
204115,204,1,1,1,12,12,中國國民黨,9,3,0,NA
204118,204,1,1,1,1,96,中國國民黨,9,4,0,NA
204120,204,2,2,2,2,96,民主進步黨,9,0,4,NA
204121,204,3,2,97,12,12,民主進步黨,9,1,1,NA
204123,204,2,2,2,12,12,民主進步黨,9,0,3,NA
204125,204,2,21,2,12,12,民國黨,9,0,2,NA
204202,204,3,4,4,12,12,親民黨,9,2,0,NA
204204,204,1,1,1,12,12,中國國民黨,9,3,0,NA
204206,204,96,96,96,12,1,中國國民黨,9,1,0,NA
204208,204,2,2,19,12,10,民主進步黨,9,0,4,NA
204211,204,96,96,96,12,9,中國國民黨,9,1,0,NA
204213,204,1,1,1,9,9,中國國民黨,9,5,0,NA
204215,204,2,2,2,2,96,民主進步黨,9,0,4,NA
204217,204,1,1,3,1,96,中國國民黨,9,4,0,NA
204218,204,2,2,2,10,2,民主進步黨,9,0,5,NA
204219,204,2,2,24,2,96,民主進步黨,9,0,3,NA
204221,204,2,19,19,12,7,民主進步黨,9,0,4,*
204223,204,2,2,4,12,12,民主進步黨,9,1,2,NA
204224,204,98,2,1,98,98,民主進步黨,9,1,1,NA
204228,204,1,2,1,12,9,民主進步黨,9,3,1,NA
204229,204,2,2,19,12,6,民主進步黨,9,0,3,NA
204232,204,2,2,2,12,12,民主進步黨,9,0,3,NA
220102,220,2,2,2,2,96,民主進步黨,9,0,4,NA
220105,220,96,96,96,12,9,中國國民黨,9,1,0,NA
220108,220,96,96,96,6,96,民主進步黨,9,0,0,NA
220114,220,96,96,96,12,9,中國國民黨,9,1,0,NA
220115,220,1,1,1,12,12,中國國民黨,9,3,0,NA
220118,220,2,2,2,2,96,民主進步黨,9,0,4,NA
220122,220,1,1,1,1,96,中國國民黨,9,4,0,NA
220124,220,2,2,2,2,96,民主進步黨,9,0,4,NA
220125,220,96,92,96,12,12,沒有投票權(跳答h8),9,0,0,NA
220130,220,96,96,96,12,1,中國國民黨,9,1,0,NA
220131,220,3,1,1,1,96,中國國民黨,9,4,0,NA
220134,220,96,92,96,6,96,沒有投票權(跳答h8),9,0,0,NA
220201,220,2,2,2,10,10,民主進步黨,9,0,5,NA
220206,220,98,97,97,11,11,民主進步黨,9,0,0,NA
220209,220,2,2,19,12,7,民主進步黨,9,0,4,NA
220210,220,1,1,1,1,96,中國國民黨,9,4,0,NA
220213,220,2,97,2,2,96,民主進步黨,9,0,3,*
220214,220,2,2,2,2,96,民主進步黨,9,0,4,NA
220215,220,2,2,2,12,12,民主進步黨,9,0,3,NA
220218,220,98,97,98,11,11,中國國民黨,9,0,0,NA
220220,220,2,2,2,12,12,民主進步黨,9,0,3,NA
220222,220,1,1,1,12,12,中國國民黨,9,3,0,NA
220223,220,2,2,2,12,12,民主進步黨,9,0,3,NA
220226,220,2,90,2,12,12,民主進步黨,9,0,2,NA
220228,220,2,2,2,2,96,民主進步黨,9,0,4,NA
220231,220,2,2,19,10,10,民主進步黨,9,0,5,NA
221101,221,98,98,98,98,12,中國國民黨,9,0,0,NA
221103,221,97,18,97,12,6,中國國民黨,9,0,0,NA
221107,221,2,2,2,2,96,時代力量,9,0,4,*
221109,221,2,2,2,2,96,時代力量,9,0,4,*
221112,221,3,4,7,4,96,中國國民黨,9,2,0,NA
221116,221,96,96,96,12,12,中國國民黨,9,0,0,NA
221119,221,96,96,96,12,12,中國國民黨,9,0,0,NA
221122,221,2,19,2,2,96,時代力量,9,0,4,NA
221125,221,96,96,96,2,96,中國國民黨,9,0,1,NA
221128,221,96,96,96,12,9,中國國民黨,9,1,0,NA
221129,221,96,96,96,12,12,中國國民黨,9,0,0,NA
221130,221,1,1,9,12,12,中國國民黨,9,2,1,NA
221132,221,96,96,96,12,12,中國國民黨,9,0,0,NA
221201,221,2,2,2,2,96,時代力量,9,0,4,*
221202,221,96,96,96,12,3,中國國民黨,9,1,0,NA
221204,221,96,92,96,1,96,沒有投票權(跳答h8),9,1,0,NA
221206,221,2,91,91,10,10,投廢票,9,0,3,NA
221211,221,2,19,2,2,96,時代力量,9,0,4,NA
221214,221,97,97,97,12,12,中國國民黨,9,0,0,NA
221216,221,1,1,1,12,12,中國國民黨,9,3,0,NA
221218,221,96,92,96,12,12,沒有投票權(跳答h8),9,0,0,NA
221219,221,3,1,1,1,96,中國國民黨,9,4,0,NA
221222,221,1,91,91,12,12,投廢票,9,1,0,NA
221223,221,1,1,1,1,96,中國國民黨,9,4,0,NA
221224,221,1,1,1,12,12,中國國民黨,9,3,0,NA
221230,221,1,1,1,1,96,中國國民黨,9,4,0,NA
221232,221,1,1,1,1,96,中國國民黨,9,4,0,NA
224102,224,3,97,1,1,96,中國國民黨,9,3,0,NA
224104,224,98,1,1,12,1,中國國民黨,9,3,0,NA
224107,224,96,92,96,12,12,沒有投票權(跳答h8),9,0,0,NA
224109,224,2,97,97,12,12,中國國民黨,9,0,1,NA
224110,224,2,2,19,12,12,時代力量,9,0,3,*
224111,224,3,1,1,1,96,中國國民黨,9,4,0,NA
224113,224,1,1,3,12,12,中國國民黨,9,3,0,NA
224114,224,1,1,19,12,1,中國國民黨,9,3,1,NA
224117,224,96,92,96,12,12,沒有投票權(跳答h8),9,0,0,NA
224118,224,2,97,2,12,2,時代力量,9,0,3,*
224119,224,1,1,1,1,96,中國國民黨,9,4,0,NA
224120,224,2,97,97,12,2,中國國民黨,9,0,2,NA
224123,224,1,1,1,1,96,中國國民黨,9,4,0,NA
224201,224,2,19,2,2,96,時代力量,9,0,4,NA
224205,224,2,2,2,12,2,時代力量,9,0,4,*
224206,224,2,2,2,2,96,時代力量,9,0,4,*
224207,224,96,96,96,9,1,中國國民黨,9,2,0,NA
224208,224,96,96,96,10,10,中國國民黨,9,0,2,NA
224211,224,96,96,96,12,12,中國國民黨,9,0,0,NA
224212,224,96,96,96,12,2,中國國民黨,9,0,1,NA
224214,224,1,97,97,1,96,中國國民黨,9,2,0,NA
224216,224,98,98,98,12,12,中國國民黨,9,0,0,NA
224217,224,2,97,97,12,12,中國國民黨,9,0,1,NA
224219,224,1,1,1,1,96,中國國民黨,9,4,0,NA
224220,224,96,92,96,12,2,沒有投票權(跳答h8),9,0,1,NA
224222,224,96,96,96,12,9,中國國民黨,9,1,0,NA
224223,224,1,97,97,12,12,中國國民黨,9,1,0,NA
231102,231,2,9,9,8,96,綠黨社會民主黨聯盟,9,0,3,NA
231103,231,96,96,96,12,1,中國國民黨,9,1,0,NA
231105,231,2,2,2,2,96,民主進步黨,9,0,4,NA
231106,231,2,2,2,2,96,民主進步黨,9,0,4,NA
231112,231,98,98,98,98,98,中國國民黨,9,0,0,NA
231113,231,2,19,24,12,2,綠黨社會民主黨聯盟,9,0,3,NA
231116,231,1,4,1,12,12,中國國民黨,9,2,0,NA
231117,231,2,1,1,12,12,中國國民黨,9,2,1,NA
231122,231,1,1,1,1,96,中國國民黨,9,4,0,NA
231124,231,2,2,2,2,96,民主進步黨,9,0,4,NA
231135,231,96,96,96,12,12,中國國民黨,9,0,0,NA
231136,231,2,1,1,12,1,中國國民黨,9,3,1,NA
231138,231,96,96,96,12,1,中國國民黨,9,1,0,NA
231205,231,2,19,19,7,96,綠黨社會民主黨聯盟,9,0,4,NA
231210,231,98,1,97,9,12,中國國民黨,9,2,0,NA
231211,231,96,96,96,12,1,中國國民黨,9,1,0,NA
231213,231,96,92,96,1,96,沒有投票權(跳答h8),9,1,0,NA
231214,231,1,1,1,1,96,中國國民黨,9,4,0,NA
231216,231,1,1,1,12,1,中國國民黨,9,4,0,NA
231217,231,2,2,2,2,96,民主進步黨,9,0,4,NA
231221,231,96,96,96,12,1,中國國民黨,9,1,0,NA
231222,231,3,1,21,9,1,中國國民黨,9,4,0,NA
231225,231,1,1,1,1,96,中國國民黨,9,4,0,NA
231232,231,2,2,19,12,12,民主進步黨,9,0,3,NA
231233,231,2,2,2,2,96,民主進步黨,9,0,4,NA
231240,231,2,2,2,12,12,民主進步黨,9,0,3,NA
231241,231,2,19,1,12,12,中國國民黨,9,1,2,NA
234105,234,96,92,96,12,10,沒有投票權(跳答h8),9,0,1,NA
234106,234,2,2,2,2,96,NA,9,0,4,NA
234114,234,2,97,97,12,12,中國國民黨,9,0,1,NA
234116,234,2,2,19,2,96,NA,9,0,4,NA
234117,234,2,98,91,12,12,中國國民黨,9,0,1,NA
234119,234,2,97,97,12,12,NA,9,0,1,NA
234124,234,96,96,96,1,96,中國國民黨,9,1,0,NA
234125,234,2,8,19,2,96,無黨籍及未經政黨推薦,9,0,3,NA
234127,234,96,96,96,1,96,中國國民黨,9,1,0,NA
234128,234,2,1,1,12,12,中國國民黨,9,2,1,NA
234129,234,2,9,97,10,10,NA,9,0,4,NA
234138,234,1,1,1,9,1,中國國民黨,9,5,0,NA
234139,234,2,2,21,10,2,NA,9,0,4,NA
234140,234,96,96,96,12,12,中國國民黨,9,0,0,NA
234141,234,3,1,1,12,12,中國國民黨,9,3,0,NA
234143,234,1,1,1,12,1,中國國民黨,9,4,0,NA
234206,234,96,92,96,1,96,沒有投票權(跳答h8),9,1,0,NA
234207,234,1,1,1,1,96,中國國民黨,9,4,0,NA
234208,234,2,2,2,10,10,NA,9,0,5,NA
234209,234,2,2,97,12,10,NA,9,0,3,NA
234210,234,98,98,98,98,98,中國國民黨,9,0,0,NA
234211,234,2,8,9,7,96,無黨籍及未經政黨推薦,9,0,3,NA
234214,234,2,1,2,12,12,中國國民黨,9,1,2,NA
234215,234,1,1,3,1,96,中國國民黨,9,4,0,NA
234219,234,96,96,96,12,12,中國國民黨,9,0,0,NA
234221,234,96,92,96,12,7,沒有投票權(跳答h8),9,0,1,NA
234224,234,97,97,97,12,12,中國國民黨,9,0,0,NA
234226,234,98,98,98,98,98,中國國民黨,9,0,0,NA
234229,234,1,1,1,1,96,中國國民黨,9,4,0,NA
234231,234,2,97,2,2,96,NA,9,0,3,NA
234239,234,98,91,91,12,12,投廢票,9,0,0,NA
234243,234,96,96,96,12,12,中國國民黨,9,0,0,NA
235101,235,2,1,9,12,8,中國國民黨,9,1,2,NA
235102,235,98,98,98,98,98,中國國民黨,9,0,0,NA
235105,235,1,3,1,12,12,中國國民黨,9,3,0,*
235109,235,1,3,1,12,9,中國國民黨,9,4,0,*
235111,235,96,96,96,12,12,民主進步黨,9,0,0,NA
235120,235,2,29,2,10,10,中華民國機車黨,9,0,4,NA
235121,235,97,97,97,12,12,中國國民黨,9,0,0,NA
235128,235,2,1,19,12,12,中國國民黨,9,1,2,NA
235133,235,98,98,98,12,12,民主進步黨,9,0,0,NA
235135,235,1,1,1,9,9,中國國民黨,9,5,0,NA
235136,235,96,96,96,12,12,中國國民黨,9,0,0,NA
235137,235,2,2,2,2,96,民主進步黨,9,0,4,NA
235202,235,96,96,96,1,96,中國國民黨,9,1,0,NA
235208,235,98,98,98,98,98,中國國民黨,9,0,0,NA
235210,235,3,1,19,12,9,中國國民黨,9,3,1,NA
235211,235,1,1,1,12,9,中國國民黨,9,4,0,NA
235212,235,1,1,1,1,96,中國國民黨,9,4,0,NA
235213,235,1,2,2,12,10,民主進步黨,9,1,3,NA
235215,235,98,98,98,12,12,民主進步黨,9,0,0,NA
235217,235,96,96,96,12,12,民主進步黨,9,0,0,NA
235221,235,96,96,96,12,12,中國國民黨,9,0,0,NA
235222,235,98,1,1,1,96,中國國民黨,9,3,0,NA
235223,235,2,91,2,12,10,投廢票,9,0,3,NA
235224,235,3,4,4,12,4,中國國民黨,9,3,0,*
235225,235,3,1,1,12,9,中國國民黨,9,4,0,NA
235230,235,2,2,2,2,96,民主進步黨,9,0,4,NA
235232,235,96,96,96,12,12,民主進步黨,9,0,0,NA
235234,235,98,97,97,12,12,民主進步黨,9,0,0,NA
235235,235,2,2,2,10,10,民主進步黨,9,0,5,NA
235239,235,96,96,96,12,12,中國國民黨,9,0,0,NA
239101,239,96,96,96,12,12,民主進步黨,9,0,0,NA
239102,239,2,2,2,2,96,民主進步黨,9,0,4,NA
239104,239,96,96,96,9,1,中國國民黨,9,2,0,NA
239108,239,96,96,96,6,96,民主進步黨,9,0,0,NA
239109,239,2,2,97,2,96,民主進步黨,9,0,3,NA
239112,239,96,96,96,12,12,中國國民黨,9,0,0,NA
239115,239,2,2,2,7,96,民主進步黨,9,0,4,NA
239116,239,3,4,4,4,96,中國國民黨,9,3,0,NA
239120,239,2,2,9,12,12,民主進步黨,9,0,3,NA
239121,239,2,2,2,2,96,民主進步黨,9,0,4,NA
239124,239,3,4,4,12,1,中國國民黨,9,3,0,NA
239126,239,96,96,96,12,2,中國國民黨,9,0,1,NA
239129,239,2,1,19,7,96,中國國民黨,9,1,3,NA
239132,239,1,1,1,12,1,中國國民黨,9,4,0,NA
239135,239,2,2,2,2,96,民主進步黨,9,0,4,NA
239201,239,98,98,98,12,12,民主進步黨,9,0,0,NA
239203,239,3,1,1,1,96,中國國民黨,9,4,0,NA
239204,239,2,2,2,2,96,民主進步黨,9,0,4,NA
239206,239,2,2,2,2,96,民主進步黨,9,0,4,NA
239207,239,1,1,1,1,96,中國國民黨,9,4,0,NA
239208,239,2,2,2,2,96,民主進步黨,9,0,4,NA
239211,239,4,91,91,12,12,投廢票,9,0,0,NA
239212,239,4,2,19,7,96,民主進步黨,9,0,3,NA
239219,239,1,1,1,1,96,中國國民黨,9,4,0,NA
239221,239,3,4,1,4,96,中國國民黨,9,3,0,NA
239223,239,2,2,2,2,96,民主進步黨,9,0,4,NA
239228,239,1,1,1,1,96,中國國民黨,9,4,0,NA
239230,239,1,97,97,97,12,民主進步黨,9,1,0,NA
239233,239,1,1,1,12,12,中國國民黨,9,3,0,NA
239234,239,96,92,96,1,96,沒有投票權(跳答h8),9,1,0,NA
241101,241,1,1,1,1,96,中國國民黨,9,4,0,NA
241105,241,96,96,96,1,96,中國國民黨,9,1,0,NA
241108,241,96,96,96,12,12,中國國民黨,9,0,0,NA
241110,241,96,96,96,12,12,民主進步黨,9,0,0,NA
241111,241,2,2,2,2,96,民主進步黨,9,0,4,NA
241118,241,2,9,9,12,12,民主進步黨,9,0,3,*
241119,241,2,2,4,10,2,民主進步黨,9,1,4,NA
241121,241,96,96,96,12,7,民主進步黨,9,0,1,NA
241124,241,96,96,96,12,12,民主進步黨,9,0,0,NA
241133,241,2,2,2,12,12,民主進步黨,9,0,3,NA
241134,241,1,1,3,7,96,中國國民黨,9,3,1,NA
241135,241,2,2,2,2,96,民主進步黨,9,0,4,NA
241137,241,2,97,91,12,12,民主進步黨,9,0,1,NA
241139,241,2,2,19,10,12,民主進步黨,9,0,4,NA
241141,241,1,1,1,1,96,中國國民黨,9,4,0,NA
241142,241,96,96,96,12,12,中國國民黨,9,0,0,NA
241201,241,1,2,24,12,12,民主進步黨,9,1,1,NA
241206,241,2,2,2,12,12,民主進步黨,9,0,3,NA
241209,241,96,92,96,12,12,沒有投票權(跳答h8),9,0,0,NA
241210,241,3,3,1,1,96,中國國民黨,9,4,0,NA
241219,241,2,2,19,7,96,民主進步黨,9,0,4,NA
241222,241,1,1,1,1,96,中國國民黨,9,4,0,NA
241224,241,1,1,1,1,96,中國國民黨,9,4,0,NA
241226,241,1,3,1,12,7,中國國民黨,9,3,1,NA
241227,241,2,2,2,2,96,民主進步黨,9,0,4,NA
241230,241,2,2,2,2,96,民主進步黨,9,0,4,NA
241233,241,1,1,1,12,12,中國國民黨,9,3,0,NA
241234,241,1,1,1,1,96,中國國民黨,9,4,0,NA
241237,241,2,2,2,2,96,民主進步黨,9,0,4,NA
241238,241,2,2,19,12,7,民主進步黨,9,0,4,NA
241239,241,2,90,1,1,96,民主進步黨,9,2,1,NA
242102,242,96,96,96,12,9,中國國民黨,9,1,0,NA
242103,242,2,2,2,12,12,民主進步黨,9,0,3,NA
242105,242,3,1,1,1,96,中國國民黨,9,4,0,NA
242108,242,96,96,96,7,96,投廢票,9,0,1,NA
242109,242,1,92,96,12,12,沒有投票權(跳答h8),9,1,0,NA
242112,242,1,1,1,1,96,中國國民黨,9,4,0,NA
242124,242,3,2,4,12,12,民主進步黨,9,2,1,NA
242126,242,2,2,2,12,12,民主進步黨,9,0,3,NA
242130,242,1,4,1,12,12,中國國民黨,9,2,0,NA
242132,242,1,1,2,12,1,中國國民黨,9,3,1,NA
242134,242,2,2,2,7,96,民主進步黨,9,0,4,NA
242135,242,98,98,98,98,98,民主進步黨,9,0,0,NA
242205,242,96,92,96,4,96,沒有投票權(跳答h8),9,1,0,NA
242211,242,3,4,1,12,12,中國國民黨,9,2,0,NA
242212,242,2,2,2,10,2,民主進步黨,9,0,5,NA
242214,242,1,97,1,12,12,中國國民黨,9,2,0,NA
242215,242,1,1,7,12,1,中國國民黨,9,3,0,NA
242217,242,2,19,19,12,2,時代力量,9,0,4,NA
242219,242,2,2,2,12,12,民主進步黨,9,0,3,NA
242221,242,96,96,96,12,12,中國國民黨,9,0,0,NA
242222,242,2,2,2,12,12,民主進步黨,9,0,3,NA
242223,242,1,1,1,1,96,中國國民黨,9,4,0,NA
242224,242,2,2,2,2,96,民主進步黨,9,0,4,NA
242225,242,3,1,2,12,5,中國國民黨,9,2,2,NA
242226,242,2,2,2,12,12,民主進步黨,9,0,3,NA
242229,242,2,2,2,2,96,民主進步黨,9,0,4,NA
242232,242,1,1,1,12,1,中國國民黨,9,4,0,NA
242233,242,4,91,91,12,12,投廢票,9,0,0,NA
242236,242,1,1,3,1,96,中國國民黨,9,4,0,NA
244103,244,1,4,2,2,96,中國國民黨,9,1,2,NA
244104,244,96,96,96,12,12,民主進步黨,9,0,0,NA
244105,244,2,8,7,12,12,無黨籍及未經政黨推薦,9,0,1,NA
244106,244,1,1,4,12,1,中國國民黨,9,4,0,NA
244108,244,2,2,2,2,96,民主進步黨,9,0,4,NA
244109,244,2,19,19,12,2,民主進步黨,9,0,4,*
244110,244,96,96,96,9,1,中國國民黨,9,2,0,NA
244112,244,2,2,2,2,96,民主進步黨,9,0,4,NA
244113,244,2,1,1,2,96,中國國民黨,9,2,2,NA
244114,244,96,92,96,1,96,沒有投票權(跳答h8),9,1,0,NA
244115,244,2,2,2,12,2,民主進步黨,9,0,4,NA
244118,244,1,1,1,1,96,中國國民黨,9,4,0,NA
244120,244,1,1,1,1,96,中國國民黨,9,4,0,NA
244124,244,96,96,96,12,12,民主進步黨,9,0,0,NA
244130,244,1,1,1,1,96,中國國民黨,9,4,0,NA
244134,244,2,2,2,2,96,民主進步黨,9,0,4,NA
244135,244,2,2,2,2,96,民主進步黨,9,0,4,NA
244202,244,2,1,1,12,12,中國國民黨,9,2,1,NA
244203,244,2,1,1,1,96,中國國民黨,9,3,1,NA
244204,244,96,96,96,2,96,中國國民黨,9,0,1,NA
244206,244,96,96,96,12,12,民主進步黨,9,0,0,NA
244207,244,96,92,96,10,2,沒有投票權(跳答h8),9,0,2,NA
244209,244,96,96,96,12,12,民主進步黨,9,0,0,NA
244210,244,96,96,96,12,12,中國國民黨,9,0,0,NA
244211,244,2,2,19,2,96,民主進步黨,9,0,4,NA
244212,244,2,2,2,2,96,民主進步黨,9,0,4,NA
244213,244,1,1,1,1,96,中國國民黨,9,4,0,NA
244215,244,2,2,2,2,96,民主進步黨,9,0,4,NA
244217,244,2,2,2,2,96,民主進步黨,9,0,4,NA
244218,244,2,2,2,2,96,民主進步黨,9,0,4,NA
244220,244,2,91,6,2,96,投廢票,9,0,3,NA
244221,244,2,2,2,2,96,民主進步黨,9,0,4,NA
244222,244,2,2,2,2,96,民主進步黨,9,0,4,NA
244224,244,2,2,2,2,96,民主進步黨,9,0,4,NA
244226,244,97,97,97,12,12,民主進步黨,9,0,0,NA
244227,244,2,2,2,2,96,民主進步黨,9,0,4,NA
244228,244,2,2,2,2,96,民主進步黨,9,0,4,NA
244229,244,98,98,98,12,12,中國國民黨,9,0,0,NA
244230,244,96,96,96,12,12,民主進步黨,9,0,0,NA
244232,244,2,2,2,2,96,民主進步黨,9,0,4,NA
244235,244,2,2,2,12,12,民主進步黨,9,0,3,NA
248101,248,2,2,97,6,96,民主進步黨,9,0,2,NA
248104,248,97,1,1,12,12,中國國民黨,9,2,0,NA
248105,248,1,1,19,12,12,中國國民黨,9,2,1,NA
248108,248,2,2,2,2,96,民主進步黨,9,0,4,NA
248109,248,2,2,24,12,10,民主進步黨,9,0,3,NA
248110,248,2,97,97,12,12,民主進步黨,9,0,1,NA
248114,248,1,1,1,1,96,中國國民黨,9,4,0,NA
248120,248,2,2,2,2,96,民主進步黨,9,0,4,NA
248125,248,2,2,2,2,96,民主進步黨,9,0,4,NA
248127,248,2,2,19,7,96,民主進步黨,9,0,4,NA
248129,248,2,2,2,2,96,民主進步黨,9,0,4,NA
248130,248,96,96,96,12,2,民主進步黨,9,0,1,NA
248132,248,2,97,97,2,96,民主進步黨,9,0,2,NA
248133,248,2,2,2,12,6,民主進步黨,9,0,3,NA
248134,248,3,1,1,4,96,中國國民黨,9,4,0,NA
248135,248,2,2,2,2,96,民主進步黨,9,0,4,NA
248202,248,1,1,1,7,96,中國國民黨,9,3,1,NA
248203,248,2,2,2,2,96,民主進步黨,9,0,4,NA
248208,248,2,2,2,10,2,民主進步黨,9,0,5,NA
248209,248,2,2,97,2,96,民主進步黨,9,0,3,NA
248210,248,2,2,2,2,96,民主進步黨,9,0,4,NA
248212,248,96,92,96,12,12,沒有投票權(跳答h8),9,0,0,NA
248214,248,96,96,96,12,2,民主進步黨,9,0,1,NA
248215,248,96,96,96,12,12,中國國民黨,9,0,0,NA
248217,248,2,2,2,2,96,民主進步黨,9,0,4,NA
248218,248,1,1,1,1,96,中國國民黨,9,4,0,NA
248219,248,96,96,96,2,96,中國國民黨,9,0,1,NA
248220,248,2,19,2,10,2,民主進步黨,9,0,5,*
248225,248,96,96,96,12,12,中國國民黨,9,0,0,NA
248229,248,96,96,96,12,12,中國國民黨,9,0,0,NA
248230,248,1,1,1,1,96,中國國民黨,9,4,0,NA
248231,248,96,96,96,12,9,中國國民黨,9,1,0,NA
248233,248,2,1,1,12,2,中國國民黨,9,2,2,NA
248235,248,96,92,96,12,12,沒有投票權(跳答h8),9,0,0,NA
251102,251,2,2,7,2,96,民主進步黨,9,0,3,NA
251104,251,2,2,2,12,12,民主進步黨,9,0,3,NA
251105,251,3,4,4,12,12,中國國民黨,9,2,0,NA
251109,251,3,1,1,1,96,中國國民黨,9,4,0,NA
251112,251,1,1,1,1,96,中國國民黨,9,4,0,NA
251122,251,96,96,96,1,96,中國國民黨,9,1,0,NA
251127,251,1,1,1,1,96,中國國民黨,9,4,0,NA
251129,251,96,96,96,12,12,民主進步黨,9,0,0,NA
251130,251,1,1,1,1,96,中國國民黨,9,4,0,NA
251131,251,3,1,1,8,96,中國國民黨,9,3,0,NA
251133,251,1,1,3,1,96,中國國民黨,9,4,0,NA
251134,251,1,1,4,12,12,中國國民黨,9,3,0,NA
251136,251,96,96,96,12,12,民主進步黨,9,0,0,NA
251201,251,1,1,2,12,12,中國國民黨,9,2,1,NA
251202,251,1,24,24,1,96,中國國民黨,9,2,0,NA
251206,251,98,98,98,98,98,中國國民黨,9,0,0,NA
251207,251,1,1,1,1,96,中國國民黨,9,4,0,NA
251210,251,96,96,96,12,12,民主進步黨,9,0,0,NA
251212,251,2,2,19,7,96,民主進步黨,9,0,4,NA
251213,251,2,2,6,7,96,民主進步黨,9,0,4,NA
251214,251,2,1,1,12,12,中國國民黨,9,2,1,NA
251215,251,2,97,97,97,97,民主進步黨,9,0,1,NA
251216,251,1,2,1,12,12,民主進步黨,9,2,1,NA
251219,251,1,2,1,1,96,民主進步黨,9,3,1,NA
251221,251,96,96,96,97,97,中國國民黨,9,0,0,NA
251222,251,2,2,2,12,10,民主進步黨,9,0,4,NA
251224,251,96,96,96,12,1,中國國民黨,9,1,0,NA
251226,251,1,1,1,1,96,中國國民黨,9,4,0,NA
251227,251,98,98,98,10,10,民主進步黨,9,0,2,NA
251230,251,98,98,98,97,98,中國國民黨,9,0,0,NA
251231,251,96,96,96,12,12,中國國民黨,9,0,0,NA
251232,251,1,1,1,1,96,中國國民黨,9,4,0,NA
262101,262,96,96,96,12,12,民主進步黨,9,0,0,NA
262102,262,98,2,2,12,12,民主進步黨,9,0,2,NA
262104,262,96,96,96,12,1,中國國民黨,9,1,0,NA
262106,262,98,6,97,2,96,民主進步黨,9,0,2,NA
262107,262,3,97,97,12,12,中國國民黨,9,1,0,NA
262115,262,1,1,1,9,1,中國國民黨,9,5,0,NA
262117,262,98,98,98,12,12,民主進步黨,9,0,0,NA
262122,262,2,2,2,2,96,民主進步黨,9,0,4,NA
262123,262,96,96,96,12,12,中國國民黨,9,0,0,NA
262201,262,98,98,98,12,12,中國國民黨,9,0,0,NA
262202,262,2,2,97,2,96,民主進步黨,9,0,3,NA
262205,262,2,2,19,7,96,民主進步黨,9,0,4,NA
262206,262,98,98,98,12,12,民主進步黨,9,0,0,NA
262207,262,98,98,98,98,12,民主進步黨,9,0,0,NA
262209,262,2,97,98,12,12,民主進步黨,9,0,1,NA
262210,262,1,1,1,1,96,中國國民黨,9,4,0,NA
262211,262,1,1,1,1,96,中國國民黨,9,4,0,NA
262212,262,96,92,96,12,10,沒有投票權(跳答h8),9,0,1,NA
262213,262,96,96,96,12,12,中國國民黨,9,0,0,NA
262214,262,2,2,2,2,96,民主進步黨,9,0,4,NA
262215,262,97,97,97,12,12,民主進步黨,9,0,0,NA
262216,262,2,2,2,7,96,民主進步黨,9,0,4,NA
262217,262,1,1,1,1,96,中國國民黨,9,4,0,NA
262219,262,3,98,98,2,96,中國國民黨,9,1,1,NA
262221,262,96,92,96,12,12,沒有投票權(跳答h8),9,0,0,NA
262223,262,2,2,2,2,96,民主進步黨,9,0,4,NA
265101,265,2,2,2,2,96,民主進步黨,9,0,4,NA
265108,265,97,1,97,12,1,中國國民黨,9,2,0,NA
265110,265,2,9,19,12,12,綠黨社會民主黨聯盟,9,0,3,NA
265115,265,96,96,96,12,12,中國國民黨,9,0,0,NA
265119,265,96,96,96,12,12,民主進步黨,9,0,0,NA
265120,265,2,2,2,2,96,民主進步黨,9,0,4,NA
265121,265,2,97,97,12,12,民主進步黨,9,0,1,NA
265124,265,2,2,2,2,96,民主進步黨,9,0,4,NA
265126,265,2,2,97,2,96,民主進步黨,9,0,3,NA
265129,265,2,9,19,12,10,綠黨社會民主黨聯盟,9,0,4,NA
265131,265,98,98,98,12,12,民主進步黨,9,0,0,NA
265133,265,96,92,96,12,12,沒有投票權(跳答h8),9,0,0,NA
265134,265,1,91,1,12,12,投廢票,9,2,0,NA
265135,265,96,96,96,12,10,中國國民黨,9,0,1,NA
265201,265,1,9,9,12,1,綠黨社會民主黨聯盟,9,2,2,NA
265202,265,98,2,2,12,12,民主進步黨,9,0,2,NA
265203,265,96,96,96,12,12,中國國民黨,9,0,0,NA
265204,265,1,1,1,1,96,中國國民黨,9,4,0,NA
265206,265,96,92,96,12,12,沒有投票權(跳答h8),9,0,0,NA
265207,265,96,96,96,12,12,中國國民黨,9,0,0,NA
265209,265,2,2,19,2,96,民主進步黨,9,0,4,NA
265210,265,3,97,97,12,12,中國國民黨,9,1,0,NA
265212,265,1,1,1,1,96,中國國民黨,9,4,0,NA
265213,265,96,96,96,2,96,民主進步黨,9,0,1,NA
265214,265,2,2,24,2,96,民主進步黨,9,0,3,NA
265215,265,2,2,2,2,96,民主進步黨,9,0,4,NA
265220,265,2,2,9,12,2,民主進步黨,9,0,4,NA
265222,265,3,97,97,12,12,中國國民黨,9,1,0,NA
265223,265,96,92,96,12,12,沒有投票權(跳答h8),9,0,0,NA
265225,265,97,2,2,12,12,民主進步黨,9,0,2,NA
265231,265,2,2,2,12,12,民主進步黨,9,0,3,NA
265232,265,2,2,19,2,96,民主進步黨,9,0,4,NA
265234,265,97,97,97,12,12,民主進步黨,9,0,0,NA
265235,265,2,2,2,2,96,民主進步黨,9,0,4,NA
300102,300,2,9,2,12,10,民主進步黨,9,0,4,*
300104,300,2,2,6,12,12,民主進步黨,9,0,3,NA
300106,300,2,2,2,2,96,民主進步黨,9,0,4,NA
300109,300,2,19,2,12,12,時代力量,9,0,3,NA
300110,300,2,2,2,12,12,民主進步黨,9,0,3,NA
300111,300,2,1,97,12,12,中國國民黨,9,1,1,NA
300113,300,2,8,2,12,10,無黨籍及未經政黨推薦,9,0,3,NA
300115,300,2,2,2,2,96,民主進步黨,9,0,4,NA
300121,300,3,4,4,12,4,親民黨,9,3,0,NA
300130,300,96,96,96,12,9,中國國民黨,9,1,0,NA
300131,300,1,1,1,12,12,中國國民黨,9,3,0,NA
300133,300,2,19,6,10,10,時代力量,9,0,5,NA
300137,300,2,2,2,10,10,民主進步黨,9,0,5,NA
300202,300,96,96,96,12,12,民主進步黨,9,0,0,NA
300203,300,2,97,97,12,12,民主進步黨,9,0,1,NA
300204,300,2,2,2,12,12,民主進步黨,9,0,3,NA
300205,300,1,1,1,9,9,中國國民黨,9,5,0,NA
300206,300,3,2,7,12,2,民主進步黨,9,1,2,NA
300209,300,2,2,2,12,12,民主進步黨,9,0,3,NA
300212,300,2,2,2,12,12,民主進步黨,9,0,3,NA
300213,300,2,2,2,2,96,民主進步黨,9,0,4,NA
300218,300,1,1,1,1,96,中國國民黨,9,4,0,NA
300219,300,96,96,96,10,10,中國國民黨,9,0,2,NA
300221,300,1,1,24,9,9,中國國民黨,9,4,0,NA
300223,300,2,19,19,12,12,時代力量,9,0,3,NA
300225,300,2,97,19,12,12,中國國民黨,9,0,2,NA
300226,300,1,1,1,1,96,中國國民黨,9,4,0,NA
300228,300,96,92,96,12,12,沒有投票權(跳答h8),9,0,0,NA
300229,300,1,1,1,1,96,中國國民黨,9,4,0,NA
300231,300,1,8,1,9,9,無黨籍及未經政黨推薦,9,4,0,NA
300232,300,98,97,97,98,98,中國國民黨,9,0,0,NA
300234,300,2,19,19,12,12,時代力量,9,0,3,NA
300235,300,2,90,19,12,12,無黨籍及未經政黨推薦,9,0,2,NA
300236,300,2,2,2,12,12,民主進步黨,9,0,3,NA
300237,300,2,2,2,2,96,民主進步黨,9,0,4,NA
300238,300,96,96,96,12,12,中國國民黨,9,0,0,NA
304103,304,2,2,2,2,96,NA,9,0,4,NA
304106,304,98,98,98,12,12,中國國民黨,9,0,0,NA
304107,304,1,1,1,12,12,中國國民黨,9,3,0,NA
304108,304,98,98,98,97,12,中國國民黨,9,0,0,NA
304115,304,4,1,2,1,96,中國國民黨,9,2,1,NA
304117,304,2,2,2,2,96,NA,9,0,4,NA
304120,304,2,97,97,12,2,中國國民黨,9,0,2,NA
304121,304,98,97,97,97,97,中國國民黨,9,0,0,NA
304123,304,96,92,96,12,1,沒有投票權(跳答h8),9,1,0,NA
304125,304,96,96,96,12,97,中國國民黨,9,0,0,NA
304129,304,1,4,4,12,4,中國國民黨,9,3,0,*
304130,304,98,97,97,12,12,中國國民黨,9,0,0,NA
304131,304,98,98,98,98,98,中國國民黨,9,0,0,NA
304204,304,2,97,97,12,12,NA,9,0,1,NA
304205,304,96,96,96,12,12,中國國民黨,9,0,0,NA
304206,304,98,98,98,98,98,中國國民黨,9,0,0,NA
304208,304,2,19,19,12,12,NA,9,0,3,NA
304209,304,98,1,2,12,2,中國國民黨,9,1,2,NA
304212,304,96,96,96,12,12,中國國民黨,9,0,0,NA
304215,304,97,97,97,12,12,中國國民黨,9,0,0,NA
304217,304,3,97,97,12,12,中國國民黨,9,1,0,NA
304221,304,96,96,96,12,9,中國國民黨,9,1,0,NA
304222,304,1,1,1,1,96,中國國民黨,9,4,0,NA
304224,304,4,4,4,12,4,中國國民黨,9,2,0,NA
304225,304,96,96,96,9,9,中國國民黨,9,2,0,NA
304227,304,97,98,97,97,12,中國國民黨,9,0,0,NA
320101,320,3,97,4,12,12,民主進步黨,9,2,0,NA
320102,320,96,96,96,12,12,中國國民黨,9,0,0,NA
320104,320,3,4,4,1,96,中國國民黨,9,3,0,*
320105,320,3,97,97,12,12,中國國民黨,9,1,0,NA
320111,320,3,1,97,12,12,中國國民黨,9,2,0,NA
320113,320,2,2,2,2,96,民主進步黨,9,0,4,NA
320115,320,3,9,4,12,1,綠黨社會民主黨聯盟,9,3,1,NA
320116,320,96,96,96,12,12,民主進步黨,9,0,0,NA
320117,320,2,2,2,2,96,民主進步黨,9,0,4,NA
320122,320,2,2,2,12,2,民主進步黨,9,0,4,NA
320123,320,3,23,23,12,12,中國國民黨,9,1,0,NA
320124,320,96,92,96,12,1,沒有投票權(跳答h8),9,1,0,NA
320125,320,3,1,1,12,12,中國國民黨,9,3,0,NA
320129,320,2,1,97,12,1,中國國民黨,9,2,1,NA
320132,320,2,2,2,2,96,民主進步黨,9,0,4,NA
320202,320,3,4,4,4,96,中國國民黨,9,3,0,*
320204,320,3,1,1,12,12,中國國民黨,9,3,0,NA
320206,320,3,4,4,4,96,中國國民黨,9,3,0,*
320207,320,4,91,1,11,1,投廢票,9,2,0,NA
320209,320,1,1,1,1,96,中國國民黨,9,4,0,NA
320211,320,1,1,97,1,96,中國國民黨,9,3,0,NA
320219,320,2,9,9,12,12,綠黨社會民主黨聯盟,9,0,3,NA
320220,320,1,2,2,2,96,民主進步黨,9,1,3,NA
320223,320,1,1,1,11,1,中國國民黨,9,4,0,NA
320225,320,96,96,96,12,12,民主進步黨,9,0,0,NA
320226,320,1,1,97,98,98,中國國民黨,9,2,0,NA
320227,320,98,98,19,12,12,民主進步黨,9,0,1,NA
320228,320,2,2,9,7,96,民主進步黨,9,0,4,NA
320231,320,3,4,4,4,96,中國國民黨,9,3,0,*
320233,320,2,2,9,12,12,民主進步黨,9,0,3,NA
320234,320,1,1,97,1,96,中國國民黨,9,3,0,NA
320236,320,1,1,1,1,96,中國國民黨,9,4,0,NA
324101,324,96,96,96,12,12,民主進步黨,9,0,0,NA
324102,324,98,98,98,98,98,民主進步黨,9,0,0,NA
324103,324,2,2,7,2,96,民主進步黨,9,0,3,NA
324104,324,2,2,2,12,10,民主進步黨,9,0,4,NA
324106,324,96,96,96,12,12,民主進步黨,9,0,0,NA
324107,324,2,97,97,12,12,民主進步黨,9,0,1,NA
324109,324,96,96,96,1,96,中國國民黨,9,1,0,NA
324111,324,96,96,96,9,9,中國國民黨,9,2,0,NA
324112,324,2,2,2,2,96,民主進步黨,9,0,4,NA
324114,324,2,97,97,12,12,民主進步黨,9,0,1,NA
324116,324,3,1,2,12,1,中國國民黨,9,3,1,NA
324117,324,2,1,1,2,96,中國國民黨,9,2,2,NA
324118,324,2,2,2,2,96,民主進步黨,9,0,4,NA
324119,324,97,2,1,12,9,民主進步黨,9,2,1,NA
324120,324,96,96,96,9,9,中國國民黨,9,2,0,NA
324121,324,96,96,96,12,12,中國國民黨,9,0,0,NA
324123,324,2,1,97,12,12,中國國民黨,9,1,1,NA
324128,324,1,1,1,1,96,中國國民黨,9,4,0,NA
324130,324,1,1,1,1,96,中國國民黨,9,4,0,NA
324131,324,96,96,96,12,12,民主進步黨,9,0,0,NA
324201,324,2,19,19,12,12,民主進步黨,9,0,3,NA
324203,324,96,96,96,12,12,中國國民黨,9,0,0,NA
324204,324,2,2,2,10,10,民主進步黨,9,0,5,NA
324205,324,96,96,96,9,9,中國國民黨,9,2,0,NA
324207,324,2,1,18,12,12,中國國民黨,9,1,1,NA
324209,324,96,96,96,2,96,中國國民黨,9,0,1,NA
324211,324,3,19,19,2,96,民主進步黨,9,1,3,NA
324212,324,1,1,1,1,96,中國國民黨,9,4,0,NA
324213,324,2,91,2,2,96,投廢票,9,0,3,NA
324214,324,3,1,1,1,96,中國國民黨,9,4,0,NA
324215,324,96,92,96,12,12,沒有投票權(跳答h8),9,0,0,NA
324219,324,96,96,96,12,12,民主進步黨,9,0,0,NA
324221,324,1,1,2,12,12,中國國民黨,9,2,1,NA
324222,324,1,1,1,1,96,中國國民黨,9,4,0,NA
324223,324,2,4,4,12,2,中國國民黨,9,1,2,NA
324224,324,1,1,1,1,96,中國國民黨,9,4,0,NA
324225,324,1,1,2,1,96,中國國民黨,9,3,1,NA
324227,324,2,4,2,10,12,民主進步黨,9,0,3,NA
324230,324,96,96,96,12,12,中國國民黨,9,0,0,NA
326101,326,96,96,96,12,12,中國國民黨,9,0,0,NA
326102,326,1,1,1,9,1,中國國民黨,9,5,0,NA
326103,326,1,1,1,12,12,中國國民黨,9,3,0,NA
326106,326,1,1,1,1,96,中國國民黨,9,4,0,NA
326107,326,1,91,91,9,9,投廢票,9,3,0,NA
326108,326,96,92,96,1,96,沒有投票權(跳答h8),9,1,0,NA
326112,326,96,96,96,12,2,民主進步黨,9,0,1,NA
326116,326,96,96,96,12,1,中國國民黨,9,1,0,NA
326118,326,2,2,2,12,12,民主進步黨,9,0,3,NA
326121,326,96,96,96,12,7,民主進步黨,9,0,1,NA
326122,326,96,96,96,12,12,中國國民黨,9,0,0,NA
326123,326,96,96,96,12,1,中國國民黨,9,1,0,NA
326124,326,1,1,1,1,96,中國國民黨,9,4,0,NA
326126,326,96,92,96,12,12,沒有投票權(跳答h8),9,0,0,NA
326128,326,2,2,2,12,12,民主進步黨,9,0,3,NA
326201,326,3,4,4,12,4,中國國民黨,9,3,0,NA
326203,326,96,96,96,12,12,中國國民黨,9,0,0,NA
326205,326,2,2,19,12,12,民主進步黨,9,0,3,NA
326208,326,96,96,96,12,1,中國國民黨,9,1,0,NA
326209,326,1,1,1,1,96,中國國民黨,9,4,0,NA
326210,326,96,96,96,12,12,民主進步黨,9,0,0,NA
326211,326,96,92,96,12,9,沒有投票權(跳答h8),9,1,0,NA
326212,326,1,1,97,12,1,中國國民黨,9,3,0,NA
326214,326,96,96,96,12,12,中國國民黨,9,0,0,NA
326215,326,96,96,96,12,2,民主進步黨,9,0,1,NA
326216,326,2,9,97,10,10,民主進步黨,9,0,4,*
326222,326,2,2,2,12,12,民主進步黨,9,0,3,NA
326223,326,2,2,97,12,12,民主進步黨,9,0,2,NA
326224,326,3,4,97,12,9,中國國民黨,9,2,0,NA
326229,326,4,98,97,12,12,民主進步黨,9,0,0,NA
326230,326,96,96,96,12,12,中國國民黨,9,0,0,NA
326231,326,2,91,91,12,12,投廢票,9,0,1,NA
327101,327,96,92,96,2,96,沒有投票權(跳答h8),9,0,1,NA
327102,327,97,97,97,12,12,無黨籍及未經政黨推薦,9,0,0,NA
327106,327,96,96,96,12,12,中國國民黨,9,0,0,NA
327107,327,2,97,97,12,12,民主進步黨,9,0,1,NA
327109,327,1,1,1,1,96,中國國民黨,9,4,0,NA
327110,327,96,96,96,12,2,民主進步黨,9,0,1,NA
327112,327,2,2,2,2,96,民主進步黨,9,0,4,NA
327113,327,2,97,97,12,12,民主進步黨,9,0,1,NA
327114,327,96,96,96,2,96,中國國民黨,9,0,1,NA
327118,327,96,96,96,12,12,民主進步黨,9,0,0,NA
327119,327,96,96,96,12,12,民主進步黨,9,0,0,NA
327120,327,2,2,97,12,12,民主進步黨,9,0,2,NA
327121,327,97,97,97,12,12,民主進步黨,9,0,0,NA
327122,327,2,2,2,2,96,民主進步黨,9,0,4,NA
327123,327,96,96,96,1,96,中國國民黨,9,1,0,NA
327124,327,2,2,2,2,96,民主進步黨,9,0,4,NA
327201,327,4,2,1,12,12,民主進步黨,9,1,1,NA
327202,327,2,97,97,12,1,中國國民黨,9,1,1,NA
327203,327,96,96,96,12,9,中國國民黨,9,1,0,NA
327204,327,96,96,96,12,2,中國國民黨,9,0,1,NA
327205,327,2,2,2,12,12,民主進步黨,9,0,3,NA
327206,327,3,1,1,12,1,中國國民黨,9,4,0,NA
327208,327,1,1,1,1,96,中國國民黨,9,4,0,NA
327209,327,1,1,1,1,96,中國國民黨,9,4,0,NA
327211,327,2,2,97,2,96,民主進步黨,9,0,3,NA
327212,327,3,97,91,12,12,民主進步黨,9,1,0,NA
327213,327,2,2,2,2,96,民主進步黨,9,0,4,NA
327215,327,2,2,19,2,96,民主進步黨,9,0,4,NA
327216,327,98,97,97,12,12,民主進步黨,9,0,0,NA
327218,327,2,2,2,2,96,民主進步黨,9,0,4,NA
327219,327,97,97,97,12,12,中國國民黨,9,0,0,NA
327220,327,3,1,2,12,1,中國國民黨,9,3,1,NA
327222,327,2,2,2,12,2,民主進步黨,9,0,4,NA
327223,327,2,2,2,2,96,民主進步黨,9,0,4,NA
327224,327,98,1,97,12,1,中國國民黨,9,2,0,NA
330101,330,2,91,97,2,96,投廢票,9,0,2,NA
330102,330,2,2,2,2,96,民主進步黨,9,0,4,NA
330105,330,1,4,1,12,12,中國國民黨,9,2,0,NA
330106,330,2,97,97,12,12,民主進步黨,9,0,1,NA
330107,330,2,2,97,2,96,民主進步黨,9,0,3,NA
330110,330,1,98,98,12,12,中國國民黨,9,1,0,NA
330112,330,2,2,97,12,12,民主進步黨,9,0,2,NA
330114,330,2,2,2,2,96,民主進步黨,9,0,4,NA
330116,330,1,97,97,1,96,中國國民黨,9,2,0,NA
330117,330,2,2,2,2,96,民主進步黨,9,0,4,NA
330120,330,2,1,1,2,96,中國國民黨,9,2,2,NA
330122,330,3,1,21,4,96,中國國民黨,9,3,0,NA
330126,330,2,2,19,7,96,民主進步黨,9,0,4,NA
330129,330,96,96,96,12,12,民主進步黨,9,0,0,NA
330132,330,96,96,96,12,12,民主進步黨,9,0,0,NA
330136,330,97,98,97,12,12,中國國民黨,9,0,0,NA
330138,330,96,96,96,1,96,中國國民黨,9,1,0,NA
330139,330,2,1,2,2,96,中國國民黨,9,1,3,NA
330201,330,2,2,2,2,96,民主進步黨,9,0,4,NA
330205,330,1,1,1,12,12,中國國民黨,9,3,0,NA
330206,330,2,2,2,7,96,民主進步黨,9,0,4,NA
330207,330,2,2,2,2,96,民主進步黨,9,0,4,NA
330211,330,1,1,19,12,12,中國國民黨,9,2,1,NA
330214,330,2,2,2,7,96,民主進步黨,9,0,4,NA
330228,330,1,1,1,1,96,中國國民黨,9,4,0,NA
330232,330,2,2,2,12,12,民主進步黨,9,0,3,NA
330235,330,2,2,2,2,96,民主進步黨,9,0,4,NA
330237,330,1,1,1,1,96,中國國民黨,9,4,0,NA
333101,333,1,1,97,2,96,中國國民黨,9,2,1,NA
333102,333,2,2,2,2,96,民主進步黨,9,0,4,NA
333107,333,96,92,96,12,12,沒有投票權(跳答h8),9,0,0,NA
333110,333,3,97,19,12,12,中國國民黨,9,1,1,NA
333113,333,98,97,97,12,12,民主進步黨,9,0,0,NA
333115,333,2,97,97,12,12,民主進步黨,9,0,1,NA
333116,333,96,92,96,12,12,沒有投票權(跳答h8),9,0,0,NA
333117,333,1,1,1,12,9,中國國民黨,9,4,0,NA
333118,333,4,1,1,12,12,中國國民黨,9,2,0,NA
333120,333,1,1,1,1,96,中國國民黨,9,4,0,NA
333123,333,2,2,2,12,12,民主進步黨,9,0,3,NA
333124,333,1,1,1,12,1,中國國民黨,9,4,0,NA
333126,333,3,1,1,12,12,中國國民黨,9,3,0,NA
333128,333,2,2,2,2,96,民主進步黨,9,0,4,NA
333130,333,2,2,4,2,96,民主進步黨,9,1,3,NA
333132,333,96,96,96,12,12,中國國民黨,9,0,0,NA
333133,333,2,2,2,6,96,民主進步黨,9,0,3,NA
333134,333,1,1,1,1,96,中國國民黨,9,4,0,NA
333205,333,96,92,96,8,96,沒有投票權(跳答h8),9,0,0,NA
333207,333,96,96,96,12,12,中國國民黨,9,0,0,NA
333208,333,1,2,97,12,12,民主進步黨,9,1,1,NA
333209,333,2,1,2,12,10,中國國民黨,9,1,3,NA
333210,333,96,96,96,12,1,民主進步黨,9,1,0,NA
333214,333,2,2,2,1,96,民主進步黨,9,1,3,NA
333215,333,1,1,1,1,96,中國國民黨,9,4,0,NA
333224,333,1,1,1,12,9,中國國民黨,9,4,0,NA
333227,333,4,97,97,12,12,中國國民黨,9,0,0,NA
333229,333,2,2,2,12,12,民主進步黨,9,0,3,NA
333231,333,2,2,2,12,12,民主進步黨,9,0,3,NA
333232,333,2,19,19,12,12,民主進步黨,9,0,3,*
333233,333,1,1,1,12,9,中國國民黨,9,4,0,NA
333234,333,96,92,96,7,96,沒有投票權(跳答h8),9,0,1,NA
356101,356,3,1,1,12,2,中國國民黨,9,3,1,NA
356102,356,96,96,96,1,96,中國國民黨,9,1,0,NA
356103,356,98,98,98,98,98,民主進步黨,9,0,0,NA
356104,356,2,91,4,12,12,投廢票,9,1,1,NA
356105,356,96,96,96,1,96,中國國民黨,9,1,0,NA
356106,356,1,1,1,12,12,中國國民黨,9,3,0,NA
356108,356,2,1,97,12,12,中國國民黨,9,1,1,NA
356109,356,2,2,2,2,96,民主進步黨,9,0,4,NA
356110,356,2,2,2,12,12,民主進步黨,9,0,3,NA
356112,356,1,1,1,1,96,中國國民黨,9,4,0,NA
356113,356,96,96,96,12,12,中國國民黨,9,0,0,NA
356115,356,96,92,96,12,12,沒有投票權(跳答h8),9,0,0,NA
356116,356,2,2,2,12,12,民主進步黨,9,0,3,NA
356117,356,3,1,1,1,96,中國國民黨,9,4,0,NA
356118,356,2,97,97,12,12,民主進步黨,9,0,1,NA
356120,356,3,4,1,12,12,中國國民黨,9,2,0,NA
356121,356,96,92,96,12,12,沒有投票權(跳答h8),9,0,0,NA
356123,356,2,91,91,12,12,投廢票,9,0,1,NA
356201,356,1,1,1,1,96,中國國民黨,9,4,0,NA
356203,356,1,1,1,12,12,中國國民黨,9,3,0,NA
356204,356,1,1,1,1,96,中國國民黨,9,4,0,NA
356206,356,1,1,1,1,96,中國國民黨,9,4,0,NA
356207,356,96,96,96,12,2,中國國民黨,9,0,1,NA
356209,356,96,96,96,12,12,民主進步黨,9,0,0,NA
356212,356,2,2,1,12,12,民主進步黨,9,1,2,NA
356213,356,4,91,91,12,12,投廢票,9,0,0,NA
356221,356,2,1,1,12,12,中國國民黨,9,2,1,NA
356224,356,96,96,96,12,12,投廢票,9,0,0,NA
403102,403,3,92,96,4,96,沒有投票權(跳答h8),9,2,0,NA
403103,403,2,2,2,12,12,民主進步黨,9,0,3,NA
403104,403,1,1,1,9,9,中國國民黨,9,5,0,NA
403108,403,1,1,1,12,12,中國國民黨,9,3,0,NA
403109,403,96,92,96,12,12,沒有投票權(跳答h8),9,0,0,NA
403111,403,3,2,1,1,96,民主進步黨,9,3,1,NA
403112,403,2,4,4,12,12,中國國民黨,9,1,1,NA
403113,403,96,96,96,12,12,民主進步黨,9,0,0,NA
403114,403,2,97,19,12,12,民主進步黨,9,0,2,NA
403119,403,2,2,1,12,12,民主進步黨,9,1,2,NA
403120,403,2,97,97,12,12,民主進步黨,9,0,1,NA
403124,403,3,4,2,12,12,中國國民黨,9,1,1,NA
403125,403,96,96,96,7,96,民主進步黨,9,0,1,NA
403128,403,98,97,97,12,12,民主進步黨,9,0,0,NA
403129,403,96,96,96,12,12,民主進步黨,9,0,0,NA
403201,403,2,2,19,12,12,民主進步黨,9,0,3,NA
403202,403,2,2,2,2,96,民主進步黨,9,0,4,NA
403204,403,3,97,1,12,12,中國國民黨,9,2,0,NA
403207,403,2,2,7,2,96,民主進步黨,9,0,3,NA
403208,403,2,2,2,10,10,民主進步黨,9,0,5,NA
403209,403,2,2,2,12,12,民主進步黨,9,0,3,NA
403216,403,1,1,97,9,9,中國國民黨,9,4,0,NA
403218,403,3,2,4,12,12,民主進步黨,9,2,1,NA
403220,403,96,96,96,10,10,民主進步黨,9,0,2,NA
403221,403,2,2,97,10,10,民主進步黨,9,0,4,NA
403223,403,2,92,96,12,12,沒有投票權(跳答h8),9,0,1,NA
403224,403,96,96,96,2,96,中國國民黨,9,0,1,NA
403227,403,2,1,1,12,12,中國國民黨,9,2,1,NA
403228,403,98,98,98,12,12,中國國民黨,9,0,0,NA
403230,403,1,97,97,12,1,民主進步黨,9,2,0,NA
406101,406,2,2,2,12,3,台灣團結聯盟,9,1,3,NA
406105,406,2,19,2,12,2,台灣團結聯盟,9,0,4,NA
406106,406,97,91,91,12,12,投廢票,9,0,0,NA
406109,406,2,97,97,12,12,中國國民黨,9,0,1,NA
406111,406,97,97,97,12,12,中國國民黨,9,0,0,NA
406114,406,3,97,97,1,96,中國國民黨,9,2,0,NA
406116,406,1,1,3,3,96,中國國民黨,9,4,0,NA
406117,406,98,97,97,12,12,中國國民黨,9,0,0,NA
406118,406,2,2,19,6,96,台灣團結聯盟,9,0,3,NA
406119,406,2,2,2,2,96,台灣團結聯盟,9,0,4,NA
406120,406,2,2,2,2,96,台灣團結聯盟,9,0,4,NA
406121,406,3,1,1,12,9,中國國民黨,9,4,0,NA
406124,406,1,1,1,12,12,中國國民黨,9,3,0,NA
406125,406,2,29,1,1,96,中國國民黨,9,2,1,NA
406126,406,1,1,3,1,96,中國國民黨,9,4,0,NA
406127,406,2,2,97,12,12,中國國民黨,9,0,2,NA
406128,406,96,96,96,12,1,中國國民黨,9,1,0,NA
406129,406,96,96,96,12,12,中國國民黨,9,0,0,NA
406132,406,2,2,2,12,10,台灣團結聯盟,9,0,4,NA
406201,406,1,2,1,12,7,台灣團結聯盟,9,2,2,NA
406202,406,97,1,1,1,96,中國國民黨,9,3,0,NA
406204,406,2,2,1,2,96,台灣團結聯盟,9,1,3,NA
406207,406,2,2,2,10,2,台灣團結聯盟,9,0,5,NA
406211,406,3,1,4,4,96,中國國民黨,9,4,0,NA
406212,406,3,97,97,4,96,中國國民黨,9,2,0,NA
406217,406,2,2,2,2,96,台灣團結聯盟,9,0,4,NA
406218,406,96,96,96,12,12,中國國民黨,9,0,0,NA
406219,406,96,96,96,12,6,中國國民黨,9,0,0,NA
406220,406,2,2,2,12,12,台灣團結聯盟,9,0,3,NA
406221,406,2,2,2,2,96,台灣團結聯盟,9,0,4,NA
406223,406,97,97,97,11,11,中國國民黨,9,0,0,NA
406225,406,2,2,91,2,96,台灣團結聯盟,9,0,3,NA
406226,406,2,2,97,2,96,台灣團結聯盟,9,0,3,NA
406228,406,97,1,1,12,12,中國國民黨,9,2,0,NA
406229,406,2,19,19,12,12,台灣團結聯盟,9,0,3,NA
406230,406,97,97,97,97,97,中國國民黨,9,0,0,NA
406231,406,97,97,97,97,12,中國國民黨,9,0,0,NA
406232,406,2,2,2,12,12,台灣團結聯盟,9,0,3,NA
406233,406,4,91,91,12,1,投廢票,9,1,0,NA
407101,407,2,2,2,2,96,民主進步黨,9,0,4,NA
407102,407,2,2,2,2,96,民主進步黨,9,0,4,NA
407106,407,97,2,19,10,10,民主進步黨,9,0,4,NA
407109,407,1,1,1,1,96,中國國民黨,9,4,0,NA
407111,407,3,2,2,12,12,民主進步黨,9,1,2,NA
407116,407,2,2,2,12,12,民主進步黨,9,0,3,NA
407117,407,96,96,96,1,96,中國國民黨,9,1,0,NA
407121,407,98,98,98,12,12,民主進步黨,9,0,0,NA
407122,407,1,1,1,1,96,中國國民黨,9,4,0,NA
407124,407,98,2,97,12,12,民主進步黨,9,0,1,NA
407126,407,1,1,1,1,96,中國國民黨,9,4,0,NA
407128,407,2,2,19,2,96,民主進步黨,9,0,4,NA
407129,407,2,2,2,2,96,民主進步黨,9,0,4,NA
407130,407,2,2,97,12,12,民主進步黨,9,0,2,NA
407202,407,96,92,96,12,12,沒有投票權(跳答h8),9,0,0,NA
407203,407,98,97,97,12,12,民主進步黨,9,0,0,NA
407209,407,98,98,98,12,12,中國國民黨,9,0,0,NA
407210,407,98,98,98,12,12,民主進步黨,9,0,0,NA
407211,407,2,2,2,2,96,民主進步黨,9,0,4,NA
407213,407,2,3,2,12,3,中國國民黨,9,2,2,NA
407215,407,96,96,96,12,12,中國國民黨,9,0,0,NA
407221,407,96,96,96,1,96,中國國民黨,9,1,0,NA
407222,407,96,96,96,12,1,中國國民黨,9,1,0,NA
407224,407,4,1,97,12,9,中國國民黨,9,2,0,NA
407226,407,96,96,96,11,11,中國國民黨,9,0,0,NA
407228,407,96,96,96,1,96,中國國民黨,9,1,0,NA
407229,407,2,97,19,12,10,民主進步黨,9,0,3,*
411105,411,2,2,2,12,12,民主進步黨,9,0,3,NA
411106,411,2,19,19,1,96,民主進步黨,9,1,3,*
411107,411,2,2,2,12,12,民主進步黨,9,0,3,NA
411108,411,96,92,96,2,96,沒有投票權(跳答h8),9,0,1,NA
411110,411,96,92,96,12,12,沒有投票權(跳答h8),9,0,0,NA
411112,411,1,1,97,1,96,中國國民黨,9,3,0,NA
411113,411,1,1,97,12,1,中國國民黨,9,3,0,NA
411124,411,3,1,1,6,96,中國國民黨,9,3,0,NA
411126,411,2,2,2,10,10,民主進步黨,9,0,5,NA
411129,411,2,97,97,12,10,民主進步黨,9,0,2,NA
411201,411,96,96,96,12,12,民主進步黨,9,0,0,NA
411203,411,2,2,2,12,12,民主進步黨,9,0,3,NA
411204,411,4,2,2,12,12,民主進步黨,9,0,2,NA
411206,411,96,96,96,12,12,民主進步黨,9,0,0,NA
411207,411,2,2,2,12,12,民主進步黨,9,0,3,NA
411208,411,96,96,96,9,9,中國國民黨,9,2,0,NA
411211,411,96,96,96,12,12,中國國民黨,9,0,0,NA
411212,411,96,92,96,10,2,沒有投票權(跳答h8),9,0,2,NA
411214,411,96,96,96,12,12,中國國民黨,9,0,0,NA
411217,411,96,96,96,12,12,民主進步黨,9,0,0,NA
411218,411,3,1,1,12,12,中國國民黨,9,3,0,NA
411219,411,2,2,2,2,96,民主進步黨,9,0,4,NA
411220,411,2,2,2,12,12,民主進步黨,9,0,3,NA
411221,411,2,1,97,12,12,中國國民黨,9,1,1,NA
411223,411,3,1,91,12,12,中國國民黨,9,2,0,NA
411226,411,2,2,7,2,96,民主進步黨,9,0,3,NA
411227,411,96,96,96,12,12,民主進步黨,9,0,0,NA
420101,420,97,97,97,12,12,民主進步黨,9,0,0,NA
420102,420,98,97,97,98,98,民主進步黨,9,0,0,NA
420103,420,2,9,9,12,10,民主進步黨,9,0,4,NA
420106,420,2,2,2,2,96,民主進步黨,9,0,4,NA
420107,420,98,97,97,97,97,民主進步黨,9,0,0,NA
420110,420,98,98,98,12,12,民主進步黨,9,0,0,NA
420111,420,98,1,4,12,12,中國國民黨,9,2,0,NA
420112,420,4,91,91,12,12,投廢票,9,0,0,NA
420114,420,2,2,2,2,96,民主進步黨,9,0,4,NA
420115,420,3,1,9,12,12,中國國民黨,9,2,1,NA
420116,420,3,2,2,2,96,民主進步黨,9,1,3,NA
420122,420,98,98,98,98,98,民主進步黨,9,0,0,NA
420123,420,97,97,97,12,12,民主進步黨,9,0,0,NA
420124,420,2,19,18,8,96,民主進步黨,9,0,2,NA
420125,420,96,92,96,12,12,沒有投票權(跳答h8),9,0,0,NA
420126,420,4,1,18,12,12,中國國民黨,9,1,0,NA
420201,420,2,2,2,6,96,民主進步黨,9,0,3,NA
420202,420,2,97,97,12,12,民主進步黨,9,0,1,NA
420203,420,2,97,2,12,12,民主進步黨,9,0,2,NA
420207,420,1,1,1,12,12,中國國民黨,9,3,0,NA
420208,420,1,1,1,1,96,中國國民黨,9,4,0,NA
420209,420,1,1,1,1,96,中國國民黨,9,4,0,NA
420212,420,1,1,1,1,96,中國國民黨,9,4,0,NA
420213,420,2,2,2,12,12,民主進步黨,9,0,3,NA
420214,420,2,2,2,2,96,民主進步黨,9,0,4,NA
420215,420,1,1,1,9,1,中國國民黨,9,5,0,NA
420217,420,2,97,97,2,96,民主進步黨,9,0,2,NA
420218,420,1,1,1,1,96,中國國民黨,9,4,0,NA
420220,420,97,97,97,12,12,中國國民黨,9,0,0,NA
420222,420,1,1,1,12,12,中國國民黨,9,3,0,NA
420223,420,3,1,97,12,9,中國國民黨,9,3,0,NA
420225,420,2,2,2,12,10,民主進步黨,9,0,4,NA
428105,428,2,2,19,2,96,時代力量,9,0,4,*
428108,428,2,2,2,12,2,時代力量,9,0,4,*
428109,428,2,19,2,12,12,時代力量,9,0,3,NA
428111,428,1,1,1,7,96,中國國民黨,9,3,1,NA
428112,428,2,9,9,12,10,時代力量,9,0,4,*
428113,428,2,2,97,2,96,時代力量,9,0,3,*
428115,428,96,96,96,12,12,中國國民黨,9,0,0,NA
428117,428,97,97,97,12,11,中國國民黨,9,0,0,NA
428118,428,3,4,19,12,12,中國國民黨,9,1,1,NA
428120,428,96,96,96,12,12,中國國民黨,9,0,0,NA
428121,428,3,4,97,4,96,中國國民黨,9,2,0,NA
428122,428,2,2,2,12,12,時代力量,9,0,3,*
428125,428,1,1,1,1,96,中國國民黨,9,4,0,NA
428129,428,96,96,96,2,96,中國國民黨,9,0,1,NA
428201,428,1,1,97,12,12,中國國民黨,9,2,0,NA
428203,428,2,2,2,2,96,時代力量,9,0,4,*
428206,428,2,2,19,6,96,時代力量,9,0,3,*
428207,428,3,1,1,1,96,中國國民黨,9,4,0,NA
428209,428,1,1,4,1,96,中國國民黨,9,4,0,NA
428210,428,4,1,1,1,96,中國國民黨,9,3,0,NA
428211,428,98,98,98,12,12,中國國民黨,9,0,0,NA
428212,428,2,2,2,2,96,時代力量,9,0,4,*
428214,428,2,2,2,12,2,時代力量,9,0,4,*
428215,428,2,1,97,1,96,中國國民黨,9,2,1,NA
428216,428,2,2,2,7,96,時代力量,9,0,4,*
428217,428,98,8,97,12,12,中國國民黨,9,0,0,NA
428218,428,96,96,96,12,12,中國國民黨,9,0,0,NA
428222,428,96,96,96,12,2,中國國民黨,9,0,1,NA
428223,428,2,19,97,12,2,時代力量,9,0,3,NA
428225,428,2,2,1,12,12,中國國民黨,9,1,2,NA
428227,428,2,2,97,12,2,時代力量,9,0,3,*
428229,428,3,1,97,12,12,中國國民黨,9,2,0,NA
429103,429,3,1,1,1,96,中國國民黨,9,4,0,NA
429105,429,1,1,1,12,1,中國國民黨,9,4,0,NA
429106,429,1,1,1,1,96,中國國民黨,9,4,0,NA
429107,429,2,97,91,12,12,中國國民黨,9,0,1,NA
429108,429,97,97,97,12,12,中國國民黨,9,0,0,NA
429110,429,2,2,2,12,12,時代力量,9,0,3,*
429111,429,2,97,2,2,96,時代力量,9,0,3,*
429113,429,96,96,96,1,96,中國國民黨,9,1,0,NA
429116,429,96,92,96,12,12,沒有投票權(跳答h8),9,0,0,NA
429117,429,1,1,1,9,1,中國國民黨,9,5,0,NA
429118,429,2,1,97,12,12,中國國民黨,9,1,1,NA
429119,429,2,19,2,12,12,時代力量,9,0,3,NA
429122,429,2,19,2,6,96,時代力量,9,0,3,NA
429123,429,2,2,2,2,96,時代力量,9,0,4,*
429124,429,2,2,2,2,96,時代力量,9,0,4,*
429201,429,98,1,27,12,5,中國國民黨,9,1,1,NA
429203,429,97,97,97,12,12,中國國民黨,9,0,0,NA
429207,429,96,96,96,12,12,中國國民黨,9,0,0,NA
429208,429,2,2,2,2,96,時代力量,9,0,4,*
429209,429,98,98,98,98,98,中國國民黨,9,0,0,NA
429210,429,98,98,98,12,12,中國國民黨,9,0,0,NA
429211,429,2,97,97,12,12,中國國民黨,9,0,1,NA
429212,429,2,2,2,12,12,時代力量,9,0,3,*
429213,429,2,2,2,12,12,時代力量,9,0,3,*
429214,429,2,97,97,12,12,中國國民黨,9,0,1,NA
429215,429,97,1,1,12,1,中國國民黨,9,3,0,NA
429216,429,97,97,97,12,12,中國國民黨,9,0,0,NA
429219,429,2,2,2,7,96,時代力量,9,0,4,*
429220,429,98,1,2,12,10,中國國民黨,9,1,2,NA
429221,429,1,1,1,12,1,中國國民黨,9,4,0,NA
429223,429,2,2,2,12,2,時代力量,9,0,4,*
429224,429,98,97,97,12,12,NA,9,0,0,NA
500101,500,3,2,1,12,12,民主進步黨,9,2,1,NA
500102,500,98,98,98,12,12,民主進步黨,9,0,0,NA
500103,500,2,2,2,2,96,民主進步黨,9,0,4,NA
500104,500,97,1,97,12,12,中國國民黨,9,1,0,NA
500105,500,2,1,1,12,1,中國國民黨,9,3,1,NA
500106,500,1,1,1,1,96,中國國民黨,9,4,0,NA
500112,500,1,1,1,1,96,中國國民黨,9,4,0,NA
500116,500,2,2,2,2,96,民主進步黨,9,0,4,NA
500119,500,2,2,2,12,12,民主進步黨,9,0,3,NA
500120,500,3,21,21,12,12,民國黨,9,1,0,NA
500124,500,2,2,2,2,96,民主進步黨,9,0,4,NA
500125,500,97,97,23,12,12,民主進步黨,9,0,0,NA
500129,500,1,1,1,1,96,中國國民黨,9,4,0,NA
500201,500,1,1,2,12,12,中國國民黨,9,2,1,NA
500202,500,2,19,19,12,1,民主進步黨,9,1,3,*
500203,500,98,97,2,98,98,民主進步黨,9,0,1,NA
500204,500,3,1,1,1,96,中國國民黨,9,4,0,NA
500206,500,2,2,97,12,12,民主進步黨,9,0,2,NA
500208,500,96,96,96,12,12,中國國民黨,9,0,0,NA
500210,500,1,1,1,1,96,中國國民黨,9,4,0,NA
500211,500,1,1,1,1,96,中國國民黨,9,4,0,NA
500215,500,96,96,96,2,96,中國國民黨,9,0,1,NA
500216,500,2,19,1,12,12,中國國民黨,9,1,2,NA
500218,500,2,2,2,2,96,民主進步黨,9,0,4,NA
500219,500,2,2,19,7,96,民主進步黨,9,0,4,NA
500220,500,96,92,96,12,6,沒有投票權(跳答h8),9,0,0,NA
500222,500,96,96,96,12,2,民主進步黨,9,0,1,NA
500223,500,1,1,1,1,96,中國國民黨,9,4,0,NA
500224,500,2,2,91,12,12,民主進步黨,9,0,2,NA
500226,500,96,92,96,12,2,沒有投票權(跳答h8),9,0,1,NA
500229,500,96,96,96,9,9,中國國民黨,9,2,0,NA
500230,500,2,2,2,12,12,民主進步黨,9,0,3,NA
508101,508,98,98,2,12,12,民主進步黨,9,0,1,NA
508103,508,96,96,96,12,7,中國國民黨,9,0,1,NA
508104,508,98,98,98,12,12,民主進步黨,9,0,0,NA
508106,508,4,1,91,1,96,中國國民黨,9,2,0,NA
508109,508,2,2,2,2,96,民主進步黨,9,0,4,NA
508110,508,96,96,96,12,12,民主進步黨,9,0,0,NA
508111,508,96,96,96,12,12,中國國民黨,9,0,0,NA
508112,508,1,97,97,12,12,中國國民黨,9,1,0,NA
508113,508,96,96,96,9,6,中國國民黨,9,1,0,NA
508114,508,2,1,19,12,12,中國國民黨,9,1,2,NA
508117,508,97,97,97,12,12,民主進步黨,9,0,0,NA
508118,508,96,96,96,12,12,中國國民黨,9,0,0,NA
508119,508,2,2,19,6,96,民主進步黨,9,0,3,NA
508120,508,2,1,97,12,12,中國國民黨,9,1,1,NA
508121,508,2,2,1,12,12,民主進步黨,9,1,2,NA
508124,508,98,98,98,12,12,中國國民黨,9,0,0,NA
508125,508,2,2,2,12,2,民主進步黨,9,0,4,NA
508126,508,98,98,98,98,98,中國國民黨,9,0,0,NA
508201,508,2,2,97,12,12,民主進步黨,9,0,2,NA
508202,508,2,97,97,12,12,民主進步黨,9,0,1,NA
508203,508,96,96,96,12,12,中國國民黨,9,0,0,NA
508204,508,2,1,1,12,12,中國國民黨,9,2,1,NA
508205,508,96,96,96,12,12,民主進步黨,9,0,0,NA
508206,508,1,1,1,9,1,中國國民黨,9,5,0,NA
508207,508,96,92,96,12,12,沒有投票權(跳答h8),9,0,0,NA
508212,508,2,2,6,12,10,民主進步黨,9,0,4,NA
508213,508,96,96,96,12,12,中國國民黨,9,0,0,NA
508214,508,2,2,97,12,12,民主進步黨,9,0,2,NA
508215,508,2,2,19,10,7,民主進步黨,9,0,5,NA
508217,508,98,98,98,12,12,民主進步黨,9,0,0,NA
508218,508,2,2,19,12,7,民主進步黨,9,0,4,NA
508219,508,96,96,96,12,12,民主進步黨,9,0,0,NA
508220,508,1,1,1,1,96,中國國民黨,9,4,0,NA
508221,508,2,2,2,2,96,民主進步黨,9,0,4,NA
508222,508,98,98,98,12,12,民主進步黨,9,0,0,NA
508223,508,3,1,19,12,12,中國國民黨,9,2,1,NA
508225,508,3,2,1,12,10,民主進步黨,9,2,2,NA
508226,508,2,2,2,2,96,民主進步黨,9,0,4,NA
515101,515,2,2,2,12,12,民主進步黨,9,0,3,NA
515105,515,96,96,96,2,96,民主進步黨,9,0,1,NA
515107,515,2,2,2,12,2,民主進步黨,9,0,4,NA
515109,515,98,30,97,98,98,民主進步黨,9,0,0,NA
515110,515,96,96,96,12,12,中國國民黨,9,0,0,NA
515112,515,2,97,2,12,12,民主進步黨,9,0,2,NA
515113,515,1,1,1,12,1,中國國民黨,9,4,0,NA
515117,515,2,2,97,12,12,民主進步黨,9,0,2,NA
515119,515,96,96,96,12,12,中國國民黨,9,0,0,NA
515120,515,2,97,91,12,12,民主進步黨,9,0,1,NA
515121,515,2,2,19,12,12,民主進步黨,9,0,3,NA
515123,515,2,2,91,2,96,民主進步黨,9,0,3,NA
515124,515,96,96,96,12,12,民主進步黨,9,0,0,NA
515202,515,2,2,2,2,96,民主進步黨,9,0,4,NA
515203,515,98,98,98,98,98,民主進步黨,9,0,0,NA
515205,515,97,27,91,12,12,中國國民黨,9,0,0,NA
515206,515,2,18,19,12,2,民主進步黨,9,0,3,*
515208,515,96,96,96,12,12,民主進步黨,9,0,0,NA
515211,515,1,1,7,12,12,中國國民黨,9,2,0,NA
515212,515,97,97,91,12,12,民主進步黨,9,0,0,NA
515213,515,4,8,4,6,96,中國國民黨,9,1,0,NA
515214,515,2,2,2,7,96,民主進步黨,9,0,4,NA
515215,515,96,96,96,12,12,中國國民黨,9,0,0,NA
515216,515,1,1,1,1,96,中國國民黨,9,4,0,NA
515217,515,1,1,1,12,1,中國國民黨,9,4,0,NA
515222,515,96,96,96,9,9,中國國民黨,9,2,0,NA
530101,530,96,96,96,1,96,中國國民黨,9,1,0,NA
530102,530,3,1,1,1,96,中國國民黨,9,4,0,NA
530103,530,2,2,2,12,12,民主進步黨,9,0,3,NA
530108,530,96,96,96,12,12,中國國民黨,9,0,0,NA
530110,530,1,1,1,1,96,中國國民黨,9,4,0,NA
530111,530,2,2,2,2,96,民主進步黨,9,0,4,NA
530114,530,2,1,1,12,12,中國國民黨,9,2,1,NA
530115,530,2,2,2,12,12,民主進步黨,9,0,3,NA
530116,530,96,96,96,12,12,民主進步黨,9,0,0,NA
530117,530,96,96,96,12,12,中國國民黨,9,0,0,NA
530118,530,4,97,97,12,12,中國國民黨,9,0,0,NA
530202,530,2,2,2,12,12,民主進步黨,9,0,3,NA
530206,530,2,2,2,2,96,民主進步黨,9,0,4,NA
530208,530,97,97,97,12,12,中國國民黨,9,0,0,NA
530214,530,2,97,97,12,12,民主進步黨,9,0,1,NA
530215,530,2,2,9,7,96,民主進步黨,9,0,4,NA
530217,530,98,97,98,98,12,民主進步黨,9,0,0,NA
530218,530,2,98,2,12,12,民主進步黨,9,0,2,NA
545102,545,1,1,1,1,96,中國國民黨,9,4,0,NA
545105,545,2,1,2,10,2,中國國民黨,9,1,4,NA
545106,545,96,96,96,98,98,中國國民黨,9,0,0,NA
545108,545,96,96,96,1,96,中國國民黨,9,1,0,NA
545109,545,3,1,1,1,96,中國國民黨,9,4,0,NA
545110,545,97,97,97,97,97,民主進步黨,9,0,0,NA
545111,545,4,91,1,12,12,投廢票,9,1,0,NA
545114,545,1,1,4,9,9,中國國民黨,9,5,0,NA
545116,545,96,96,96,12,12,民主進步黨,9,0,0,NA
545117,545,2,2,91,12,12,民主進步黨,9,0,2,NA
545119,545,96,92,96,12,12,沒有投票權(跳答h8),9,0,0,NA
545120,545,97,97,97,97,97,民主進步黨,9,0,0,NA
545121,545,2,2,2,2,96,民主進步黨,9,0,4,NA
545202,545,96,96,96,12,12,中國國民黨,9,0,0,NA
545203,545,97,1,97,12,12,中國國民黨,9,1,0,NA
545205,545,96,96,96,12,1,中國國民黨,9,1,0,NA
545208,545,2,2,19,7,96,民主進步黨,9,0,4,NA
545209,545,98,1,1,12,12,中國國民黨,9,2,0,NA
545210,545,2,97,97,12,12,民主進步黨,9,0,1,NA
545211,545,1,1,1,1,96,中國國民黨,9,4,0,NA
545212,545,96,96,96,12,7,中國國民黨,9,0,1,NA
545214,545,1,1,1,1,96,中國國民黨,9,4,0,NA
545215,545,2,97,97,12,12,民主進步黨,9,0,1,NA
545216,545,96,96,96,12,12,中國國民黨,9,0,0,NA
545218,545,98,98,98,12,12,中國國民黨,9,0,0,NA
545220,545,98,97,1,1,96,中國國民黨,9,2,0,NA
545223,545,98,98,98,97,97,民主進步黨,9,0,0,NA
551101,551,2,1,2,2,96,中國國民黨,9,1,3,NA
551103,551,1,1,1,12,12,中國國民黨,9,3,0,NA
551106,551,96,96,96,12,1,中國國民黨,9,1,0,NA
551107,551,2,2,2,2,96,民主進步黨,9,0,4,NA
551109,551,96,96,96,2,96,中國國民黨,9,0,1,NA
551110,551,4,1,2,12,12,中國國民黨,9,1,1,NA
551112,551,2,1,1,1,96,中國國民黨,9,3,1,NA
551116,551,2,2,2,12,12,民主進步黨,9,0,3,NA
551203,551,2,2,2,12,12,民主進步黨,9,0,3,NA
551205,551,2,1,2,2,96,中國國民黨,9,1,3,NA
551207,551,97,2,97,12,12,民主進步黨,9,0,1,NA
551208,551,2,1,1,12,12,中國國民黨,9,2,1,NA
551209,551,98,1,98,1,96,中國國民黨,9,2,0,NA
551210,551,2,2,2,12,2,民主進步黨,9,0,4,NA
551211,551,96,96,96,12,12,民主進步黨,9,0,0,NA
551212,551,2,2,2,12,2,民主進步黨,9,0,4,NA
551214,551,2,1,2,2,96,中國國民黨,9,1,3,NA
551215,551,2,1,2,1,96,中國國民黨,9,2,2,NA
600104,600,1,1,1,1,96,中國國民黨,9,4,0,NA
600105,600,2,2,2,2,96,民主進步黨,9,0,4,NA
600108,600,1,1,1,1,96,中國國民黨,9,4,0,NA
600109,600,2,1,1,12,12,中國國民黨,9,2,1,NA
600111,600,3,2,4,4,96,民主進步黨,9,3,1,NA
600112,600,2,6,2,2,96,民主進步黨,9,0,4,*
600113,600,2,90,97,2,96,民主進步黨,9,0,2,NA
600114,600,98,98,98,98,12,中國國民黨,9,0,0,NA
600115,600,3,1,1,4,96,中國國民黨,9,4,0,NA
600116,600,2,2,2,12,12,民主進步黨,9,0,3,NA
600117,600,4,97,9,12,12,民主進步黨,9,0,1,NA
600118,600,2,2,2,2,96,民主進步黨,9,0,4,NA
600119,600,2,2,2,2,96,民主進步黨,9,0,4,NA
600120,600,2,2,2,12,12,民主進步黨,9,0,3,NA
600121,600,96,96,96,12,2,民主進步黨,9,0,1,NA
600122,600,2,2,2,2,96,民主進步黨,9,0,4,NA
600123,600,2,2,19,2,96,民主進步黨,9,0,4,NA
600124,600,96,96,96,12,12,民主進步黨,9,0,0,NA
600202,600,96,92,96,12,1,沒有投票權(跳答h8),9,1,0,NA
600203,600,3,1,97,12,12,中國國民黨,9,2,0,NA
600204,600,2,2,2,2,96,民主進步黨,9,0,4,NA
600205,600,98,98,98,12,12,民主進步黨,9,0,0,NA
600206,600,98,98,98,12,12,中國國民黨,9,0,0,NA
600207,600,2,98,98,12,12,中國國民黨,9,0,1,NA
600209,600,1,1,1,1,96,中國國民黨,9,4,0,NA
600211,600,96,96,96,12,12,民主進步黨,9,0,0,NA
600213,600,2,2,2,2,96,民主進步黨,9,0,4,NA
600214,600,2,2,9,12,10,民主進步黨,9,0,4,NA
600215,600,2,2,19,2,96,民主進步黨,9,0,4,NA
600216,600,96,96,96,12,12,民主進步黨,9,0,0,NA
600218,600,2,8,7,12,6,無黨籍及未經政黨推薦,9,0,1,NA
600221,600,96,96,96,12,12,中國國民黨,9,0,0,NA
600223,600,1,1,23,9,9,中國國民黨,9,4,0,NA
616101,616,2,2,2,2,96,民主進步黨,9,0,4,NA
616102,616,2,2,2,10,10,民主進步黨,9,0,5,NA
616103,616,98,2,2,2,96,民主進步黨,9,0,3,NA
616104,616,2,2,6,10,2,民主進步黨,9,0,5,NA
616105,616,96,96,96,2,96,民主進步黨,9,0,1,NA
616106,616,96,96,96,12,12,民主進步黨,9,0,0,NA
616108,616,2,2,2,2,96,民主進步黨,9,0,4,NA
616109,616,2,97,97,12,12,民主進步黨,9,0,1,NA
616110,616,97,97,97,12,12,民主進步黨,9,0,0,NA
616111,616,2,2,2,2,96,民主進步黨,9,0,4,NA
616112,616,2,2,2,2,96,民主進步黨,9,0,4,NA
616113,616,2,2,2,2,96,民主進步黨,9,0,4,NA
616115,616,2,2,2,12,12,民主進步黨,9,0,3,NA
616122,616,2,2,97,2,96,民主進步黨,9,0,3,NA
616124,616,98,98,98,12,12,民主進步黨,9,0,0,NA
616201,616,2,2,2,2,96,民主進步黨,9,0,4,NA
616202,616,2,97,97,12,12,民主進步黨,9,0,1,NA
616204,616,96,92,96,1,96,沒有投票權(跳答h8),9,1,0,NA
616205,616,2,2,2,12,12,民主進步黨,9,0,3,NA
616206,616,97,97,97,12,12,民主進步黨,9,0,0,NA
616209,616,2,90,97,12,12,民主進步黨,9,0,1,NA
616211,616,96,96,96,2,96,民主進步黨,9,0,1,NA
616212,616,2,2,2,2,96,民主進步黨,9,0,4,NA
616215,616,96,96,96,12,12,民主進步黨,9,0,0,NA
616216,616,98,2,97,12,11,民主進步黨,9,0,1,NA
616217,616,3,97,97,2,96,中國國民黨,9,1,1,NA
616218,616,2,2,2,2,96,民主進步黨,9,0,4,NA
616219,616,2,2,97,2,96,民主進步黨,9,0,3,NA
616221,616,2,2,2,10,10,民主進步黨,9,0,5,NA
616222,616,2,2,97,10,10,民主進步黨,9,0,4,NA
616224,616,2,2,2,2,96,民主進步黨,9,0,4,NA
630101,630,96,96,96,9,9,中國國民黨,9,2,0,NA
630102,630,1,1,1,12,12,中國國民黨,9,3,0,NA
630108,630,98,98,98,98,98,中國國民黨,9,0,0,NA
630110,630,2,2,19,12,12,民主進步黨,9,0,3,NA
630111,630,98,98,98,98,98,中國國民黨,9,0,0,NA
630113,630,1,1,1,1,96,中國國民黨,9,4,0,NA
630115,630,98,2,2,2,96,民主進步黨,9,0,3,NA
630118,630,2,19,2,2,96,時代力量,9,0,4,NA
630119,630,2,2,2,2,96,民主進步黨,9,0,4,NA
630121,630,2,2,2,2,96,民主進步黨,9,0,4,NA
630124,630,3,1,1,12,7,中國國民黨,9,3,1,NA
630201,630,2,2,2,12,12,民主進步黨,9,0,3,NA
630202,630,3,97,97,12,12,中國國民黨,9,1,0,NA
630203,630,96,96,96,1,96,中國國民黨,9,1,0,NA
630205,630,98,98,98,12,12,民主進步黨,9,0,0,NA
630208,630,2,2,1,2,96,民主進步黨,9,1,3,NA
630209,630,98,2,19,2,96,民主進步黨,9,0,3,NA
630210,630,96,92,96,1,96,沒有投票權(跳答h8),9,1,0,NA
630211,630,96,96,96,12,12,時代力量,9,0,0,NA
630214,630,2,2,97,2,96,民主進步黨,9,0,3,NA
630215,630,1,1,3,12,1,中國國民黨,9,4,0,NA
630218,630,98,98,98,98,98,民主進步黨,9,0,0,NA
630220,630,2,97,97,2,96,民主進步黨,9,0,2,NA
630222,630,3,1,97,12,12,中國國民黨,9,2,0,NA
630224,630,2,2,2,12,12,民主進步黨,9,0,3,NA
638102,638,2,1,1,2,96,中國國民黨,9,2,2,NA
638104,638,96,96,96,12,12,民主進步黨,9,0,0,NA
638106,638,2,97,97,12,12,民主進步黨,9,0,1,NA
638107,638,96,96,96,12,12,民主進步黨,9,0,0,NA
638108,638,2,2,2,2,96,民主進步黨,9,0,4,NA
638116,638,97,97,97,12,12,民主進步黨,9,0,0,NA
638119,638,1,1,1,12,12,中國國民黨,9,3,0,NA
638120,638,2,2,2,2,96,民主進步黨,9,0,4,NA
638121,638,96,96,96,12,1,中國國民黨,9,1,0,NA
638202,638,2,2,2,2,96,民主進步黨,9,0,4,NA
638204,638,96,96,96,12,2,民主進步黨,9,0,1,NA
638205,638,2,97,97,1,96,民主進步黨,9,1,1,NA
638206,638,96,96,96,12,12,中國國民黨,9,0,0,NA
638207,638,96,96,96,2,96,民主進步黨,9,0,1,NA
638208,638,3,19,4,7,96,民主進步黨,9,2,2,NA
638209,638,96,96,96,12,12,民主進步黨,9,0,0,NA
638210,638,2,2,2,12,12,民主進步黨,9,0,3,NA
638215,638,96,96,96,12,2,民主進步黨,9,0,1,NA
638217,638,1,1,1,12,12,中國國民黨,9,3,0,NA
638218,638,2,2,2,12,12,民主進步黨,9,0,3,NA
638219,638,1,1,1,1,96,中國國民黨,9,4,0,NA
638220,638,3,91,97,12,1,投廢票,9,2,0,NA
638221,638,4,91,91,8,96,投廢票,9,0,0,NA
638222,638,97,97,97,97,97,民主進步黨,9,0,0,NA
638223,638,2,2,2,2,96,民主進步黨,9,0,4,NA
638224,638,2,97,97,97,97,民主進步黨,9,0,1,NA
704103,704,2,2,2,2,96,民主進步黨,9,0,4,NA
704104,704,96,96,96,6,96,中國國民黨,9,0,0,NA
704105,704,2,2,2,2,96,民主進步黨,9,0,4,NA
704106,704,3,2,4,12,12,民主進步黨,9,2,1,NA
704107,704,2,2,19,8,96,民主進步黨,9,0,3,NA
704108,704,2,2,2,2,96,民主進步黨,9,0,4,NA
704111,704,2,2,2,2,96,民主進步黨,9,0,4,NA
704113,704,1,1,1,1,96,中國國民黨,9,4,0,NA
704119,704,2,2,2,2,96,民主進步黨,9,0,4,NA
704201,704,2,2,2,10,10,民主進步黨,9,0,5,NA
704202,704,2,2,2,2,96,民主進步黨,9,0,4,NA
704203,704,3,1,1,1,96,中國國民黨,9,4,0,NA
704207,704,2,2,19,7,96,民主進步黨,9,0,4,NA
704212,704,1,97,97,1,96,中國國民黨,9,2,0,NA
704220,704,2,19,19,12,7,民主進步黨,9,0,4,*
704222,704,2,2,2,2,96,民主進步黨,9,0,4,NA
704223,704,2,90,3,12,12,中國國民黨,9,1,1,NA
704225,704,98,98,98,12,12,民主進步黨,9,0,0,NA
704226,704,2,2,2,2,96,民主進步黨,9,0,4,NA
708101,708,2,2,2,2,96,民主進步黨,9,0,4,NA
708102,708,96,96,96,1,96,中國國民黨,9,1,0,NA
708103,708,1,1,1,12,12,中國國民黨,9,3,0,NA
708105,708,2,2,2,12,12,民主進步黨,9,0,3,NA
708109,708,2,2,1,12,12,民主進步黨,9,1,2,NA
708110,708,2,97,97,12,12,中國國民黨,9,0,1,NA
708112,708,2,2,97,12,12,民主進步黨,9,0,2,NA
708113,708,2,18,97,2,96,民主進步黨,9,0,2,NA
708114,708,98,1,97,12,12,中國國民黨,9,1,0,NA
708116,708,2,2,2,2,96,民主進步黨,9,0,4,NA
708120,708,96,96,96,12,10,民主進步黨,9,0,1,NA
708121,708,96,96,96,12,12,中國國民黨,9,0,0,NA
708124,708,2,2,19,12,12,民主進步黨,9,0,3,NA
708202,708,96,96,96,12,12,民主進步黨,9,0,0,NA
708203,708,2,2,2,12,10,民主進步黨,9,0,4,NA
708205,708,2,2,19,12,12,民主進步黨,9,0,3,NA
708206,708,2,2,97,12,12,民主進步黨,9,0,2,NA
708208,708,97,97,97,12,12,民主進步黨,9,0,0,NA
708210,708,2,2,2,2,96,民主進步黨,9,0,4,NA
708212,708,2,2,2,10,2,民主進步黨,9,0,5,NA
708213,708,96,96,96,12,12,民主進步黨,9,0,0,NA
708214,708,96,96,96,12,1,中國國民黨,9,1,0,NA
708216,708,96,96,96,12,12,民主進步黨,9,0,0,NA
708217,708,98,98,98,98,98,民主進步黨,9,0,0,NA
708219,708,98,98,98,12,12,民主進步黨,9,0,0,NA
708220,708,2,2,2,12,12,民主進步黨,9,0,3,NA
708225,708,2,97,97,12,12,民主進步黨,9,0,1,NA
708226,708,2,4,9,12,12,中國國民黨,9,0,2,NA
710101,710,96,96,96,12,12,民主進步黨,9,0,0,NA
710102,710,2,2,2,2,96,民主進步黨,9,0,4,NA
710103,710,2,2,2,2,96,民主進步黨,9,0,4,NA
710104,710,98,98,98,98,11,民主進步黨,9,0,0,NA
710106,710,2,2,6,2,96,民主進步黨,9,0,4,NA
710107,710,2,1,19,12,7,中國國民黨,9,1,3,NA
710110,710,2,2,2,2,96,民主進步黨,9,0,4,NA
710111,710,98,2,2,2,96,民主進步黨,9,0,3,NA
710113,710,1,1,1,1,96,中國國民黨,9,4,0,NA
710114,710,2,2,2,2,96,民主進步黨,9,0,4,NA
710115,710,2,2,2,10,10,民主進步黨,9,0,5,NA
710116,710,2,2,2,12,12,民主進步黨,9,0,3,NA
710118,710,2,19,19,7,96,民主進步黨,9,0,4,*
710120,710,2,2,2,2,96,民主進步黨,9,0,4,NA
710121,710,98,98,98,12,10,民主進步黨,9,0,1,NA
710122,710,2,2,2,2,96,民主進步黨,9,0,4,NA
710123,710,3,1,1,1,96,中國國民黨,9,4,0,NA
710124,710,2,2,2,2,96,民主進步黨,9,0,4,NA
710125,710,2,2,2,2,96,民主進步黨,9,0,4,NA
710126,710,2,2,2,12,12,民主進步黨,9,0,3,NA
710201,710,98,2,2,12,2,民主進步黨,9,0,3,NA
710203,710,2,2,2,2,96,民主進步黨,9,0,4,NA
710204,710,1,1,1,1,96,中國國民黨,9,4,0,NA
710207,710,2,2,2,2,96,民主進步黨,9,0,4,NA
710212,710,2,2,2,7,96,民主進步黨,9,0,4,NA
710213,710,96,92,96,2,96,沒有投票權(跳答h8),9,0,1,NA
710214,710,2,2,2,2,96,民主進步黨,9,0,4,NA
710215,710,96,96,96,10,10,民主進步黨,9,0,2,NA
710216,710,1,1,1,1,96,中國國民黨,9,4,0,NA
710217,710,2,19,19,12,12,民主進步黨,9,0,3,*
710219,710,2,2,9,7,96,民主進步黨,9,0,4,NA
710220,710,2,2,19,7,96,民主進步黨,9,0,4,NA
710222,710,2,2,2,2,96,民主進步黨,9,0,4,NA
710226,710,2,97,97,2,96,民主進步黨,9,0,2,NA
715102,715,1,1,1,1,96,中國國民黨,9,4,0,NA
715103,715,2,97,97,12,1,民主進步黨,9,1,1,NA
715104,715,97,97,97,12,12,民主進步黨,9,0,0,NA
715106,715,2,2,6,12,12,民主進步黨,9,0,3,NA
715108,715,2,4,4,12,12,中國國民黨,9,1,1,NA
715111,715,96,92,96,2,96,沒有投票權(跳答h8),9,0,1,NA
715113,715,98,4,4,12,12,中國國民黨,9,1,0,NA
715114,715,96,96,96,12,12,民主進步黨,9,0,0,NA
715116,715,2,91,4,12,10,投廢票,9,1,2,NA
715118,715,3,98,4,12,12,中國國民黨,9,2,0,NA
715119,715,1,97,97,12,12,中國國民黨,9,1,0,NA
715120,715,96,96,96,7,96,民主進步黨,9,0,1,NA
715121,715,2,97,97,12,12,民主進步黨,9,0,1,NA
715122,715,2,2,97,12,12,民主進步黨,9,0,2,NA
715123,715,97,2,97,12,12,民主進步黨,9,0,1,NA
715201,715,96,96,96,12,12,民主進步黨,9,0,0,NA
715204,715,2,2,2,2,96,民主進步黨,9,0,4,NA
715205,715,98,98,98,12,2,民主進步黨,9,0,1,NA
715206,715,1,2,4,12,12,民主進步黨,9,2,1,NA
715207,715,3,1,4,1,96,中國國民黨,9,4,0,NA
715208,715,1,1,1,12,9,中國國民黨,9,4,0,NA
715209,715,2,1,97,12,12,中國國民黨,9,1,1,NA
715210,715,98,1,98,12,12,中國國民黨,9,1,0,NA
715211,715,96,96,96,12,12,中國國民黨,9,0,0,NA
715213,715,96,96,96,11,11,民主進步黨,9,0,0,NA
715214,715,1,1,1,12,9,中國國民黨,9,4,0,NA
715215,715,2,91,9,2,96,投廢票,9,0,3,NA
715216,715,96,96,96,12,12,中國國民黨,9,0,0,NA
715217,715,1,1,1,1,96,中國國民黨,9,4,0,NA
715220,715,2,2,2,12,12,民主進步黨,9,0,3,NA
715221,715,3,2,2,12,12,民主進步黨,9,1,2,NA
715222,715,97,97,97,12,12,民主進步黨,9,0,0,NA
715224,715,96,96,96,12,2,民主進步黨,9,0,1,NA
721101,721,2,2,2,2,96,民主進步黨,9,0,4,NA
721102,721,2,2,2,2,96,民主進步黨,9,0,4,NA
721105,721,2,90,1,12,12,民主進步黨,9,1,1,NA
721106,721,2,2,19,12,10,民主進步黨,9,0,4,NA
721109,721,2,2,2,12,2,民主進步黨,9,0,4,NA
721110,721,2,2,2,12,2,民主進步黨,9,0,4,NA
721111,721,2,19,18,12,12,民主進步黨,9,0,2,NA
721112,721,2,2,2,2,96,民主進步黨,9,0,4,NA
721113,721,2,2,2,2,96,民主進步黨,9,0,4,NA
721115,721,96,96,96,12,1,中國國民黨,9,1,0,NA
721116,721,2,97,97,97,97,民主進步黨,9,0,1,NA
721118,721,96,96,96,12,12,民主進步黨,9,0,0,NA
721121,721,2,2,97,12,2,民主進步黨,9,0,3,NA
721122,721,2,2,2,12,12,民主進步黨,9,0,3,NA
721124,721,2,2,2,12,12,民主進步黨,9,0,3,NA
721203,721,2,2,97,2,96,民主進步黨,9,0,3,NA
721205,721,2,2,2,2,96,民主進步黨,9,0,4,NA
721209,721,96,96,96,12,12,民主進步黨,9,0,0,NA
721212,721,2,2,19,12,2,民主進步黨,9,0,4,NA
721214,721,2,19,19,12,12,民主進步黨,9,0,3,*
721215,721,2,2,2,2,96,民主進步黨,9,0,4,NA
721216,721,3,2,4,12,2,民主進步黨,9,2,2,NA
721217,721,2,2,2,2,96,民主進步黨,9,0,4,NA
721219,721,2,2,97,12,12,民主進步黨,9,0,2,NA
721220,721,2,2,2,2,96,民主進步黨,9,0,4,NA
721222,721,2,2,19,2,96,民主進步黨,9,0,4,NA
721223,721,2,2,2,2,96,民主進步黨,9,0,4,NA
744101,744,1,1,1,12,12,中國國民黨,9,3,0,NA
744103,744,2,2,2,2,96,民主進步黨,9,0,4,NA
744106,744,96,96,96,12,12,民主進步黨,9,0,0,NA
744108,744,96,96,96,12,12,民主進步黨,9,0,0,NA
744111,744,2,2,2,12,12,民主進步黨,9,0,3,NA
744114,744,96,96,96,12,12,民主進步黨,9,0,0,NA
744115,744,1,1,1,1,96,中國國民黨,9,4,0,NA
744116,744,2,2,2,2,96,民主進步黨,9,0,4,NA
744117,744,2,2,2,12,2,民主進步黨,9,0,4,NA
744118,744,3,4,4,12,12,中國國民黨,9,2,0,NA
744120,744,96,96,96,12,12,中國國民黨,9,0,0,NA
744201,744,1,1,1,12,12,中國國民黨,9,3,0,NA
744204,744,2,2,2,12,12,民主進步黨,9,0,3,NA
744206,744,2,2,19,12,12,民主進步黨,9,0,3,NA
744207,744,98,98,98,12,12,中國國民黨,9,0,0,NA
744208,744,2,2,19,2,96,民主進步黨,9,0,4,NA
744211,744,2,2,2,2,96,民主進步黨,9,0,4,NA
744213,744,96,96,96,12,12,中國國民黨,9,0,0,NA
744217,744,96,96,96,2,96,民主進步黨,9,0,1,NA
744222,744,2,2,2,12,12,民主進步黨,9,0,3,NA
744223,744,96,96,96,12,12,民主進步黨,9,0,0,NA
802104,802,2,2,2,2,96,民主進步黨,9,0,4,NA
802111,802,2,2,2,12,1,民主進步黨,9,1,3,NA
802112,802,1,1,1,12,12,中國國民黨,9,3,0,NA
802113,802,2,97,2,12,12,民主進步黨,9,0,2,NA
802115,802,2,2,2,10,2,民主進步黨,9,0,5,NA
802117,802,4,1,91,12,12,中國國民黨,9,1,0,NA
802120,802,1,1,3,9,1,中國國民黨,9,5,0,NA
802121,802,98,98,98,12,12,中國國民黨,9,0,0,NA
802122,802,2,2,1,12,12,民主進步黨,9,1,2,NA
802123,802,1,1,1,9,1,中國國民黨,9,5,0,NA
802124,802,2,2,2,2,96,民主進步黨,9,0,4,NA
802125,802,2,2,2,1,96,民主進步黨,9,1,3,NA
802129,802,96,92,96,12,12,沒有投票權(跳答h8),9,0,0,NA
802134,802,2,2,2,2,96,民主進步黨,9,0,4,NA
802202,802,2,97,2,12,12,民主進步黨,9,0,2,NA
802204,802,3,4,3,12,12,中國國民黨,9,2,0,NA
802205,802,4,19,19,12,12,時代力量,9,0,2,NA
802206,802,2,2,2,12,2,民主進步黨,9,0,4,NA
802207,802,96,96,96,12,3,中國國民黨,9,1,0,NA
802208,802,96,96,96,12,12,民主進步黨,9,0,0,NA
802209,802,2,2,19,12,12,民主進步黨,9,0,3,NA
802210,802,96,96,96,12,1,中國國民黨,9,1,0,NA
802211,802,2,2,19,2,96,民主進步黨,9,0,4,NA
802213,802,1,1,1,12,12,中國國民黨,9,3,0,NA
802215,802,96,96,96,12,2,中國國民黨,9,0,1,NA
802216,802,1,91,91,1,96,投廢票,9,2,0,NA
802220,802,96,92,96,12,8,沒有投票權(跳答h8),9,0,0,NA
802221,802,2,2,19,7,96,民主進步黨,9,0,4,NA
802222,802,96,96,96,12,12,中國國民黨,9,0,0,NA
802223,802,2,2,2,7,96,民主進步黨,9,0,4,NA
802224,802,3,19,23,12,7,時代力量,9,1,2,NA
802226,802,2,2,2,1,96,民主進步黨,9,1,3,NA
802228,802,96,96,96,12,12,民主進步黨,9,0,0,NA
802229,802,96,96,96,12,12,中國國民黨,9,0,0,NA
802232,802,96,96,96,12,12,民主進步黨,9,0,0,NA
802233,802,3,97,97,12,12,中國國民黨,9,1,0,NA
804101,804,96,96,96,12,12,中國國民黨,9,0,0,NA
804102,804,96,92,96,12,12,沒有投票權(跳答h8),9,0,0,NA
804105,804,96,96,96,1,96,中國國民黨,9,1,0,NA
804107,804,1,1,1,1,96,中國國民黨,9,4,0,NA
804109,804,96,96,96,12,1,中國國民黨,9,1,0,NA
804115,804,1,1,1,1,96,中國國民黨,9,4,0,NA
804116,804,2,2,2,2,96,民主進步黨,9,0,4,NA
804119,804,1,1,4,4,96,中國國民黨,9,4,0,NA
804120,804,2,2,6,12,12,民主進步黨,9,0,3,NA
804121,804,2,1,1,12,12,中國國民黨,9,2,1,NA
804122,804,1,1,1,1,96,中國國民黨,9,4,0,NA
804123,804,2,2,91,12,12,民主進步黨,9,0,2,NA
804125,804,98,98,98,12,12,中國國民黨,9,0,0,NA
804128,804,1,1,1,12,12,中國國民黨,9,3,0,NA
804129,804,2,19,19,7,96,民主進步黨,9,0,4,*
804130,804,2,97,6,12,12,民主進步黨,9,0,2,NA
804131,804,3,97,97,12,12,中國國民黨,9,1,0,NA
804133,804,96,96,96,12,12,民主進步黨,9,0,0,NA
804135,804,2,2,2,12,12,民主進步黨,9,0,3,NA
804136,804,1,1,1,1,96,中國國民黨,9,4,0,NA
804201,804,2,97,97,12,12,中國國民黨,9,0,1,NA
804204,804,2,2,2,2,96,民主進步黨,9,0,4,NA
804205,804,2,2,2,2,96,民主進步黨,9,0,4,NA
804208,804,2,2,2,12,12,民主進步黨,9,0,3,NA
804209,804,96,92,96,2,96,沒有投票權(跳答h8),9,0,1,NA
804210,804,2,2,2,2,96,民主進步黨,9,0,4,NA
804211,804,2,2,2,5,96,民主進步黨,9,0,4,NA
804212,804,2,2,2,2,96,民主進步黨,9,0,4,NA
804213,804,2,2,2,2,96,民主進步黨,9,0,4,NA
804215,804,2,2,2,12,2,民主進步黨,9,0,4,NA
804216,804,2,2,2,12,12,民主進步黨,9,0,3,NA
804219,804,2,2,2,12,12,民主進步黨,9,0,3,NA
804220,804,3,91,91,12,12,投廢票,9,1,0,NA
804221,804,2,2,2,2,96,民主進步黨,9,0,4,NA
804223,804,2,2,2,2,96,民主進步黨,9,0,4,NA
804224,804,2,97,97,12,12,民主進步黨,9,0,1,NA
804227,804,2,2,1,12,12,民主進步黨,9,1,2,NA
804231,804,2,2,2,2,96,民主進步黨,9,0,4,NA
804233,804,2,2,2,2,96,民主進步黨,9,0,4,NA
804234,804,2,2,2,2,96,民主進步黨,9,0,4,NA
804236,804,2,2,2,12,12,民主進步黨,9,0,3,NA
806105,806,96,96,96,2,96,民主進步黨,9,0,1,NA
806106,806,4,1,1,12,9,中國國民黨,9,3,0,NA
806107,806,1,1,1,1,96,中國國民黨,9,4,0,NA
806109,806,98,98,98,12,12,中國國民黨,9,0,0,NA
806110,806,98,97,97,12,12,中國國民黨,9,0,0,NA
806113,806,2,2,97,10,10,民主進步黨,9,0,4,NA
806115,806,2,2,19,2,96,民主進步黨,9,0,4,NA
806116,806,96,96,96,6,96,民主進步黨,9,0,0,NA
806117,806,1,1,1,1,96,中國國民黨,9,4,0,NA
806119,806,96,96,96,10,10,中國國民黨,9,0,2,NA
806120,806,2,2,18,12,12,民主進步黨,9,0,2,NA
806121,806,2,2,2,2,96,民主進步黨,9,0,4,NA
806123,806,96,96,96,12,10,中國國民黨,9,0,1,NA
806124,806,2,2,2,2,96,民主進步黨,9,0,4,NA
806128,806,3,97,1,12,12,民主進步黨,9,2,0,NA
806129,806,2,2,2,10,10,民主進步黨,9,0,5,NA
806132,806,98,1,1,1,96,中國國民黨,9,3,0,NA
806202,806,98,91,91,12,12,投廢票,9,0,0,NA
806203,806,2,2,2,2,96,民主進步黨,9,0,4,NA
806217,806,2,2,2,2,96,民主進步黨,9,0,4,NA
806221,806,4,19,97,12,12,時代力量,9,0,1,NA
806223,806,98,97,97,12,12,民主進步黨,9,0,0,NA
806224,806,96,96,96,12,10,民主進步黨,9,0,1,NA
806225,806,96,96,96,9,9,中國國民黨,9,2,0,NA
806226,806,1,1,1,1,96,中國國民黨,9,4,0,NA
806227,806,96,96,96,12,1,中國國民黨,9,1,0,NA
806228,806,96,96,96,12,12,中國國民黨,9,0,0,NA
806229,806,98,97,97,97,12,中國國民黨,9,0,0,NA
806231,806,98,98,98,12,12,民主進步黨,9,0,0,NA
807101,807,2,2,2,2,96,民主進步黨,9,0,4,NA
807104,807,96,96,96,12,12,中國國民黨,9,0,0,NA
807107,807,2,2,2,2,96,民主進步黨,9,0,4,NA
807108,807,96,96,96,12,12,中國國民黨,9,0,0,NA
807109,807,1,1,1,1,96,中國國民黨,9,4,0,NA
807110,807,2,2,2,2,96,民主進步黨,9,0,4,NA
807113,807,2,2,2,2,96,民主進步黨,9,0,4,NA
807114,807,2,2,2,11,2,民主進步黨,9,0,4,NA
807115,807,1,1,1,1,96,中國國民黨,9,4,0,NA
807116,807,96,92,96,2,96,沒有投票權(跳答h8),9,0,1,NA
807118,807,2,2,2,2,96,民主進步黨,9,0,4,NA
807119,807,2,2,2,2,96,民主進步黨,9,0,4,NA
807120,807,1,1,1,1,96,中國國民黨,9,4,0,NA
807121,807,2,2,2,12,12,民主進步黨,9,0,3,NA
807123,807,1,1,1,12,12,中國國民黨,9,3,0,NA
807124,807,2,2,2,2,96,民主進步黨,9,0,4,NA
807126,807,96,96,96,12,12,中國國民黨,9,0,0,NA
807128,807,1,1,1,1,96,中國國民黨,9,4,0,NA
807129,807,2,2,2,2,96,民主進步黨,9,0,4,NA
807131,807,2,2,2,2,96,民主進步黨,9,0,4,NA
807133,807,2,2,2,2,96,民主進步黨,9,0,4,NA
807135,807,1,1,1,1,96,中國國民黨,9,4,0,NA
807136,807,3,1,97,1,96,中國國民黨,9,3,0,NA
807201,807,96,96,96,12,12,中國國民黨,9,0,0,NA
807205,807,2,2,2,2,96,民主進步黨,9,0,4,NA
807209,807,96,96,96,2,96,民主進步黨,9,0,1,NA
807210,807,2,2,2,2,96,民主進步黨,9,0,4,NA
807211,807,2,2,2,2,96,民主進步黨,9,0,4,NA
807212,807,3,21,21,8,96,中國國民黨,9,1,0,NA
807213,807,2,2,2,2,96,民主進步黨,9,0,4,NA
807214,807,1,1,1,1,96,中國國民黨,9,4,0,NA
807215,807,3,97,97,2,96,中國國民黨,9,1,1,NA
807216,807,2,2,2,2,96,民主進步黨,9,0,4,NA
807217,807,96,96,96,12,12,民主進步黨,9,0,0,NA
807220,807,96,96,96,12,12,民主進步黨,9,0,0,NA
807222,807,2,2,2,2,96,民主進步黨,9,0,4,NA
807223,807,2,2,2,12,12,民主進步黨,9,0,3,NA
807227,807,1,1,1,1,96,中國國民黨,9,4,0,NA
807229,807,96,96,96,12,12,中國國民黨,9,0,0,NA
807231,807,2,1,2,12,12,中國國民黨,9,1,2,NA
807232,807,96,96,96,1,96,中國國民黨,9,1,0,NA
807233,807,2,2,2,2,96,民主進步黨,9,0,4,NA
807234,807,1,1,1,1,96,中國國民黨,9,4,0,NA
807235,807,2,2,2,2,96,民主進步黨,9,0,4,NA
807237,807,2,2,2,2,96,民主進步黨,9,0,4,NA
807238,807,2,91,91,12,12,投廢票,9,0,1,NA
815101,815,2,2,2,2,96,民主進步黨,9,0,4,NA
815102,815,2,2,6,2,96,民主進步黨,9,0,4,NA
815103,815,2,2,2,12,10,民主進步黨,9,0,4,NA
815104,815,2,2,19,12,7,民主進步黨,9,0,4,NA
815105,815,2,1,19,12,12,中國國民黨,9,1,2,NA
815106,815,3,1,1,12,12,中國國民黨,9,3,0,NA
815108,815,3,4,4,12,12,中國國民黨,9,2,0,NA
815113,815,2,2,2,2,96,民主進步黨,9,0,4,NA
815114,815,2,2,2,2,96,民主進步黨,9,0,4,NA
815115,815,2,2,2,7,96,民主進步黨,9,0,4,NA
815118,815,1,1,1,1,96,中國國民黨,9,4,0,NA
815122,815,2,97,97,12,12,民主進步黨,9,0,1,NA
815123,815,4,91,91,12,12,投廢票,9,0,0,NA
815124,815,2,2,2,2,96,民主進步黨,9,0,4,NA
815126,815,2,2,9,12,2,民主進步黨,9,0,4,NA
815127,815,2,1,19,12,12,中國國民黨,9,1,2,NA
815128,815,2,2,2,2,96,民主進步黨,9,0,4,NA
815202,815,2,2,2,1,96,民主進步黨,9,1,3,NA
815205,815,3,8,2,12,8,中國國民黨,9,1,1,NA
815207,815,2,2,2,12,10,民主進步黨,9,0,4,NA
815209,815,2,2,2,12,12,民主進步黨,9,0,3,NA
815210,815,96,96,96,12,12,民主進步黨,9,0,0,NA
815211,815,1,97,97,12,9,中國國民黨,9,2,0,NA
815212,815,1,1,1,11,9,中國國民黨,9,4,0,NA
815215,815,2,2,19,12,12,民主進步黨,9,0,3,NA
815219,815,1,1,24,1,96,中國國民黨,9,3,0,NA
815221,815,2,2,2,2,96,民主進步黨,9,0,4,NA
815222,815,2,2,2,2,96,民主進步黨,9,0,4,NA
815223,815,2,2,2,1,96,民主進步黨,9,1,3,NA
815226,815,2,2,2,12,12,民主進步黨,9,0,3,NA
815228,815,2,2,2,2,96,民主進步黨,9,0,4,NA
815232,815,2,97,2,10,10,民主進步黨,9,0,4,*
832101,832,96,96,96,1,96,民主進步黨,9,1,0,NA
832102,832,2,2,2,10,2,民主進步黨,9,0,5,NA
832103,832,2,2,2,2,96,民主進步黨,9,0,4,NA
832104,832,2,2,2,2,96,民主進步黨,9,0,4,NA
832105,832,2,2,2,12,2,民主進步黨,9,0,4,NA
832107,832,2,2,6,12,2,民主進步黨,9,0,4,NA
832108,832,96,96,96,12,1,中國國民黨,9,1,0,NA
832109,832,2,91,91,12,12,投廢票,9,0,1,NA
832112,832,1,1,1,1,96,中國國民黨,9,4,0,NA
832115,832,3,19,19,12,12,中國國民黨,9,1,2,NA
832117,832,2,19,2,12,12,民主進步黨,9,0,3,*
832120,832,1,1,1,9,9,中國國民黨,9,5,0,NA
832121,832,2,1,2,12,12,中國國民黨,9,1,2,NA
832122,832,4,91,91,12,12,投廢票,9,0,0,NA
832123,832,2,2,2,7,96,民主進步黨,9,0,4,NA
832124,832,2,2,2,12,12,民主進步黨,9,0,3,NA
832127,832,98,98,98,98,98,中國國民黨,9,0,0,NA
832202,832,2,2,91,12,12,民主進步黨,9,0,2,NA
832203,832,98,98,98,12,12,民主進步黨,9,0,0,NA
832204,832,97,97,97,12,12,民主進步黨,9,0,0,NA
832205,832,2,2,18,12,12,民主進步黨,9,0,2,NA
832206,832,96,96,96,12,12,民主進步黨,9,0,0,NA
832207,832,96,96,96,12,9,中國國民黨,9,1,0,NA
832209,832,3,91,91,12,12,投廢票,9,1,0,NA
832210,832,98,97,2,12,12,民主進步黨,9,0,1,NA
832211,832,96,96,96,1,96,中國國民黨,9,1,0,NA
832214,832,3,97,10,12,12,民主進步黨,9,1,0,NA
832215,832,2,2,2,12,12,民主進步黨,9,0,3,NA
832217,832,1,1,1,1,96,中國國民黨,9,4,0,NA
832218,832,3,97,97,12,1,中國國民黨,9,2,0,NA
832219,832,2,2,2,2,96,民主進步黨,9,0,4,NA
832220,832,96,96,96,12,12,中國國民黨,9,0,0,NA
832223,832,2,2,19,12,12,民主進步黨,9,0,3,NA
832225,832,3,2,23,12,12,民主進步黨,9,1,1,NA
832226,832,96,96,96,12,12,民主進步黨,9,0,0,NA
832227,832,98,98,98,12,12,中國國民黨,9,0,0,NA
843101,843,98,1,1,1,96,中國國民黨,9,3,0,NA
843102,843,96,96,96,2,96,民主進步黨,9,0,1,NA
843104,843,2,2,2,2,96,民主進步黨,9,0,4,NA
843105,843,98,98,98,98,98,民主進步黨,9,0,0,NA
843108,843,2,2,2,2,96,民主進步黨,9,0,4,NA
843110,843,2,2,2,12,12,民主進步黨,9,0,3,NA
843111,843,98,98,98,98,12,民主進步黨,9,0,0,NA
843112,843,96,96,96,12,12,中國國民黨,9,0,0,NA
843116,843,2,2,97,12,12,民主進步黨,9,0,2,NA
843117,843,2,2,2,10,10,民主進步黨,9,0,5,NA
843119,843,97,97,97,11,11,中國國民黨,9,0,0,NA
843122,843,98,2,2,2,96,民主進步黨,9,0,3,NA
843125,843,2,2,2,2,96,民主進步黨,9,0,4,NA
843126,843,98,98,98,12,12,民主進步黨,9,0,0,NA
843202,843,3,1,1,1,96,中國國民黨,9,4,0,NA
843203,843,3,1,4,4,96,中國國民黨,9,4,0,NA
843204,843,1,1,1,1,96,中國國民黨,9,4,0,NA
843205,843,2,6,2,12,12,民主進步黨,9,0,3,*
843206,843,2,2,19,2,96,民主進步黨,9,0,4,NA
843207,843,98,98,97,12,12,中國國民黨,9,0,0,NA
843208,843,98,2,97,98,98,民主進步黨,9,0,1,NA
843212,843,2,2,2,2,96,民主進步黨,9,0,4,NA
843213,843,2,1,1,12,12,中國國民黨,9,2,1,NA
843214,843,98,98,98,98,98,民主進步黨,9,0,0,NA
843216,843,96,96,96,98,98,民主進步黨,9,0,0,NA
843218,843,2,2,97,12,12,民主進步黨,9,0,2,NA
843219,843,2,2,2,2,96,民主進步黨,9,0,4,NA
843223,843,98,98,98,98,98,中國國民黨,9,0,0,NA
843224,843,1,1,1,1,96,中國國民黨,9,4,0,NA
843225,843,2,2,2,2,96,民主進步黨,9,0,4,NA
843226,843,2,97,19,12,12,民主進步黨,9,0,2,NA
843227,843,2,2,2,2,96,民主進步黨,9,0,4,NA
900101,900,3,1,24,12,12,中國國民黨,9,2,0,NA
900102,900,96,96,96,12,12,民主進步黨,9,0,0,NA
900103,900,1,3,19,12,12,中國國民黨,9,2,1,NA
900105,900,2,2,2,2,96,民主進步黨,9,0,4,NA
900106,900,2,2,2,2,96,民主進步黨,9,0,4,NA
900107,900,4,97,97,12,12,民主進步黨,9,0,0,NA
900108,900,2,2,3,12,12,民主進步黨,9,1,2,NA
900112,900,2,4,4,12,12,中國國民黨,9,1,1,NA
900114,900,96,96,96,2,96,民主進步黨,9,0,1,NA
900115,900,2,2,2,2,96,民主進步黨,9,0,4,NA
900117,900,2,2,2,2,96,民主進步黨,9,0,4,NA
900119,900,3,26,4,12,12,民主進步黨,9,2,0,NA
900121,900,2,97,97,12,12,民主進步黨,9,0,1,NA
900123,900,97,97,97,12,12,中國國民黨,9,0,0,NA
900125,900,97,1,1,2,96,中國國民黨,9,2,1,NA
900126,900,97,9,1,12,9,中國國民黨,9,2,1,NA
900128,900,2,2,2,2,96,民主進步黨,9,0,4,NA
900129,900,1,1,1,1,96,中國國民黨,9,4,0,NA
900130,900,2,2,1,12,12,民主進步黨,9,1,2,NA
900131,900,2,2,6,10,7,民主進步黨,9,0,5,NA
900202,900,96,96,96,12,12,中國國民黨,9,0,0,NA
900206,900,2,2,2,2,96,民主進步黨,9,0,4,NA
900207,900,98,97,97,12,12,民主進步黨,9,0,0,NA
900208,900,2,1,2,10,10,中國國民黨,9,1,4,NA
900209,900,96,96,96,12,8,中國國民黨,9,0,0,NA
900211,900,2,19,2,12,10,民主進步黨,9,0,4,*
900213,900,96,96,96,8,96,民主進步黨,9,0,0,NA
900214,900,2,2,97,12,12,民主進步黨,9,0,2,NA
900218,900,96,92,96,2,96,沒有投票權(跳答h8),9,0,1,NA
900219,900,2,1,1,12,12,中國國民黨,9,2,1,NA
900220,900,2,2,2,2,96,民主進步黨,9,0,4,NA
900221,900,98,98,98,12,12,中國國民黨,9,0,0,NA
900223,900,2,1,19,1,96,中國國民黨,9,2,2,NA
900224,900,2,2,6,2,96,民主進步黨,9,0,4,NA
900225,900,2,2,2,12,12,民主進步黨,9,0,3,NA
900230,900,96,96,96,12,12,民主進步黨,9,0,0,NA
912101,912,96,96,96,12,12,中國國民黨,9,0,0,NA
912102,912,2,2,2,2,96,民主進步黨,9,0,4,NA
912103,912,1,1,1,1,96,中國國民黨,9,4,0,NA
912105,912,96,92,96,6,96,沒有投票權(跳答h8),9,0,0,NA
912106,912,2,98,2,12,12,民主進步黨,9,0,2,NA
912107,912,96,92,96,2,96,沒有投票權(跳答h8),9,0,1,NA
912108,912,3,1,19,7,96,中國國民黨,9,2,2,NA
912110,912,2,1,1,1,96,中國國民黨,9,3,1,NA
912111,912,2,2,2,2,96,民主進步黨,9,0,4,NA
912112,912,2,2,97,12,2,民主進步黨,9,0,3,NA
912113,912,97,97,97,12,12,民主進步黨,9,0,0,NA
912114,912,1,1,1,1,96,中國國民黨,9,4,0,NA
912115,912,1,1,1,12,1,中國國民黨,9,4,0,NA
912118,912,2,2,2,12,12,民主進步黨,9,0,3,NA
912120,912,2,2,2,2,96,民主進步黨,9,0,4,NA
912121,912,96,96,96,12,12,中國國民黨,9,0,0,NA
912122,912,96,96,96,12,12,民主進步黨,9,0,0,NA
912123,912,1,1,1,1,96,中國國民黨,9,4,0,NA
912124,912,2,2,2,12,12,民主進步黨,9,0,3,NA
912125,912,2,2,2,2,96,民主進步黨,9,0,4,NA
912126,912,97,97,97,12,12,民主進步黨,9,0,0,NA
912201,912,1,1,1,1,96,中國國民黨,9,4,0,NA
912202,912,2,2,2,2,96,民主進步黨,9,0,4,NA
912203,912,2,2,2,2,96,民主進步黨,9,0,4,NA
912204,912,2,2,2,2,96,民主進步黨,9,0,4,NA
912206,912,96,96,96,12,12,中國國民黨,9,0,0,NA
912208,912,98,98,98,12,12,中國國民黨,9,0,0,NA
912209,912,2,2,2,2,96,民主進步黨,9,0,4,NA
912210,912,98,98,98,12,12,中國國民黨,9,0,0,NA
912212,912,98,98,98,12,12,中國國民黨,9,0,0,NA
912213,912,98,98,98,12,12,民主進步黨,9,0,0,NA
912214,912,1,1,1,12,1,中國國民黨,9,4,0,NA
912215,912,1,1,1,1,96,中國國民黨,9,4,0,NA
912216,912,98,98,98,12,12,民主進步黨,9,0,0,NA
912217,912,98,2,2,12,2,民主進步黨,9,0,3,NA
912218,912,96,96,96,12,12,民主進步黨,9,0,0,NA
912219,912,2,2,2,2,96,民主進步黨,9,0,4,NA
912220,912,98,98,98,12,12,民主進步黨,9,0,0,NA
912221,912,2,2,2,12,12,民主進步黨,9,0,3,NA
912223,912,2,2,2,2,96,民主進步黨,9,0,4,NA
912224,912,2,2,1,12,12,民主進步黨,9,1,2,NA
912225,912,98,98,98,2,96,民主進步黨,9,0,1,NA
912227,912,96,96,96,12,12,民主進步黨,9,0,0,NA
950104,950,96,96,96,1,96,中國國民黨,9,1,0,NA
950105,950,2,98,98,12,12,民主進步黨,9,0,1,NA
950111,950,2,2,2,12,12,民主進步黨,9,0,3,NA
950115,950,2,2,2,12,12,民主進步黨,9,0,3,NA
950116,950,96,96,96,12,12,中國國民黨,9,0,0,NA
950118,950,2,2,4,2,96,民主進步黨,9,1,3,NA
950119,950,2,1,1,12,12,中國國民黨,9,2,1,NA
950120,950,96,92,96,12,12,沒有投票權(跳答h8),9,0,0,NA
950122,950,2,2,2,12,12,民主進步黨,9,0,3,NA
950124,950,2,1,1,12,12,中國國民黨,9,2,1,NA
954101,954,1,1,1,12,1,中國國民黨,9,4,0,NA
954102,954,2,2,2,12,12,民主進步黨,9,0,3,NA
954103,954,2,2,2,2,96,民主進步黨,9,0,4,NA
954106,954,1,1,1,1,96,中國國民黨,9,4,0,NA
954107,954,1,1,1,1,96,中國國民黨,9,4,0,NA
954108,954,96,96,96,12,12,民主進步黨,9,0,0,NA
954110,954,1,1,1,12,1,中國國民黨,9,4,0,NA
954111,954,1,1,1,12,12,中國國民黨,9,3,0,NA
954113,954,2,2,2,12,12,民主進步黨,9,0,3,NA
954119,954,1,1,1,1,96,中國國民黨,9,4,0,NA
954121,954,1,1,1,1,96,中國國民黨,9,4,0,NA
954122,954,1,1,1,1,96,中國國民黨,9,4,0,NA
954123,954,96,96,96,12,12,中國國民黨,9,0,0,NA
961101,961,1,90,1,1,96,民主進步黨,9,3,0,NA
961102,961,2,90,97,12,1,民主進步黨,9,1,1,NA
961104,961,2,2,2,12,12,民主進步黨,9,0,3,NA
961107,961,1,1,1,1,96,中國國民黨,9,4,0,NA
961109,961,96,96,96,12,9,民主進步黨,9,1,0,NA
961111,961,2,2,2,2,96,民主進步黨,9,0,4,NA
961113,961,96,96,96,12,9,中國國民黨,9,1,0,NA
961115,961,1,97,97,1,96,中國國民黨,9,2,0,NA
961117,961,1,98,1,1,96,中國國民黨,9,3,0,NA
961118,961,98,97,97,12,12,中國國民黨,9,0,0,NA
961121,961,2,1,4,12,12,中國國民黨,9,2,1,NA
973103,973,96,96,96,1,96,中國國民黨,9,1,0,NA
973104,973,2,2,2,12,12,民主進步黨,9,0,3,NA
973105,973,1,1,1,1,96,中國國民黨,9,4,0,NA
973108,973,2,97,97,12,12,民主進步黨,9,0,1,NA
973111,973,3,4,1,4,96,中國國民黨,9,3,0,NA
973112,973,96,96,96,12,98,無黨籍及未經政黨推薦,9,0,0,NA
973113,973,1,1,1,9,1,中國國民黨,9,5,0,NA
973115,973,1,1,9,9,12,中國國民黨,9,3,1,NA
973116,973,1,1,97,1,96,中國國民黨,9,3,0,NA
973117,973,96,96,96,12,12,中國國民黨,9,0,0,NA
973119,973,2,2,1,12,12,民主進步黨,9,1,2,NA
973120,973,3,19,97,12,12,中國國民黨,9,1,1,NA
973123,973,2,2,2,12,12,民主進步黨,9,0,3,NA
